Farm_ID,Update_Step,Previous_DAP,Current_DAP,Actual_Yield_t_ha,Previous_Prediction_t_ha,Updated_Prediction_t_ha,Delta_t_ha,Delta_pct,Abs_Error_Before_t_ha,Abs_Error_After_t_ha,Error_Change_t_ha,Error_Reduced
F0529,1,3,8,8.0,9.51677792498461,9.189008548075755,-0.3277693769088543,-3.4441213138782407,1.5167779249846092,1.1890085480757548,-0.3277693769088543,True
F0529,2,8,38,8.0,9.189008548075755,10.820542566836064,1.6315340187603091,17.755278061004354,1.1890085480757548,2.820542566836064,1.6315340187603091,False
F0529,3,38,42,8.0,10.820542566836064,12.018618229059086,1.1980756622230224,11.072232790756821,2.820542566836064,4.018618229059086,1.1980756622230224,False
F0529,4,42,66,8.0,12.018618229059086,9.695289861981312,-2.3233283670777745,-19.331077190390655,4.018618229059086,1.695289861981312,-2.3233283670777745,True
F0529,5,66,83,8.0,9.695289861981312,11.37785563675247,1.6825657747711578,17.354465918230026,1.695289861981312,3.3778556367524697,1.6825657747711578,False
F0529,6,83,84,8.0,11.37785563675247,12.098097972187196,0.720242335434726,6.330211583175805,3.3778556367524697,4.098097972187196,0.720242335434726,False
F0529,7,84,122,8.0,12.098097972187196,12.717391438649262,0.6192934664620662,5.118932479186272,4.098097972187196,4.717391438649262,0.6192934664620662,False
F0529,8,122,183,8.0,12.717391438649262,13.795606074151197,1.0782146355019346,8.478268839198787,4.717391438649262,5.7956060741511966,1.0782146355019346,False
F0529,9,183,227,8.0,13.795606074151197,14.706326518905572,0.9107204447543751,6.601525441211245,5.7956060741511966,6.706326518905572,0.9107204447543751,False
F0529,10,227,264,8.0,14.706326518905572,18.434889825210448,3.728563306304876,25.35346472493766,6.706326518905572,10.434889825210448,3.728563306304876,False
F0529,11,264,297,8.0,18.434889825210448,17.925715173528186,-0.5091746516822617,-2.7620162447943954,10.434889825210448,9.925715173528186,-0.5091746516822617,True
F0560,1,57,220,10.73,10.33676291853122,15.712552623143509,5.3757897046122896,52.00651061634439,0.3932370814687811,4.982552623143508,4.589315541674727,False
F0560,2,220,232,10.73,15.712552623143509,16.563676612674534,0.8511239895310254,5.416840980232443,4.982552623143508,5.833676612674534,0.8511239895310254,False
F0560,3,232,287,10.73,16.563676612674534,16.733835791890844,0.1701591792163093,1.0273031959951657,5.833676612674534,6.003835791890843,0.1701591792163093,False
F0560,4,287,292,10.73,16.733835791890844,17.67070157608706,0.9368657841962147,5.598631394782878,6.003835791890843,6.940701576087058,0.9368657841962147,False
F0868,1,7,24,7.48,8.07637851749535,11.157898261093175,3.081519743597825,38.15472166048834,0.5963785174953493,3.6778982610931745,3.081519743597825,False
F0868,2,24,50,7.48,11.157898261093175,11.356471628688983,0.19857336759580768,1.7796664116235885,3.6778982610931745,3.876471628688982,0.19857336759580768,False
F0868,3,50,64,7.48,11.356471628688983,12.272072945845515,0.9156013171565327,8.062374891542188,3.876471628688982,4.792072945845515,0.9156013171565327,False
F0868,4,64,112,7.48,12.272072945845515,10.682705004283083,-1.5893679415624327,-12.951095944230708,4.792072945845515,3.2027050042830822,-1.5893679415624327,True
F0868,5,112,187,7.48,10.682705004283083,14.488004038609397,3.805299034326314,35.62111874099895,3.2027050042830822,7.008004038609396,3.805299034326314,False
F0868,6,187,225,7.48,14.488004038609397,12.194345912324124,-2.2936581262852727,-15.831429368551067,7.008004038609396,4.714345912324124,-2.2936581262852727,True
F0868,7,225,244,7.48,12.194345912324124,15.579683244683816,3.3853373323596916,27.76153273574375,4.714345912324124,8.099683244683815,3.3853373323596916,False
F0356,1,8,26,10.47,10.103942200781669,11.001940649484485,0.8979984487028165,8.887604767111048,0.36605779921833204,0.5319406494844845,0.16588285026615246,False
F0356,2,26,36,10.47,11.001940649484485,10.778131985109939,-0.2238086643745465,-2.034265331044423,0.5319406494844845,0.308131985109938,-0.2238086643745465,True
F0356,3,36,61,10.47,10.778131985109939,11.010336672070226,0.23220468696028718,2.1544056732751047,0.308131985109938,0.5403366720702252,0.23220468696028718,False
F0356,4,61,67,10.47,11.010336672070226,10.261204588219107,-0.7491320838511193,-6.803898065637108,0.5403366720702252,0.2087954117808941,-0.33154126028933106,True
F0356,5,67,74,10.47,10.261204588219107,9.98520596194137,-0.27599862627773675,-2.6897292993710593,0.2087954117808941,0.48479403805863086,0.27599862627773675,False
F0356,6,74,86,10.47,9.98520596194137,13.248914889558176,3.263708927616806,32.68544424678307,0.48479403805863086,2.778914889558175,2.294120851499544,False
F0356,7,86,104,10.47,13.248914889558176,11.676469478932917,-1.5724454106252583,-11.868484504074704,2.778914889558175,1.2064694789329167,-1.5724454106252583,True
F0356,8,104,105,10.47,11.676469478932917,10.922214059983677,-0.7542554189492403,-6.4596188112347965,1.2064694789329167,0.45221405998367636,-0.7542554189492403,True
F0356,9,105,114,10.47,10.922214059983677,12.18492591961487,1.2627118596311924,11.560951403227483,0.45221405998367636,1.7149259196148687,1.2627118596311924,False
F0356,10,114,140,10.47,12.18492591961487,12.969727336745708,0.7848014171308382,6.440756573394444,1.7149259196148687,2.499727336745707,0.7848014171308382,False
F0356,11,140,197,10.47,12.969727336745708,16.318757615276706,3.349030278530998,25.821901968922333,2.499727336745707,5.848757615276705,3.349030278530998,False
F0356,12,197,216,10.47,16.318757615276706,14.348104871197613,-1.9706527440790929,-12.075997392315443,5.848757615276705,3.8781048711976123,-1.9706527440790929,True
F0356,13,216,217,10.47,14.348104871197613,15.086387057437602,0.7382821862399886,5.145503136947489,3.8781048711976123,4.616387057437601,0.7382821862399886,False
F0356,14,217,227,10.47,15.086387057437602,13.027695431747823,-2.0586916256897787,-13.646021528228273,4.616387057437601,2.557695431747822,-2.0586916256897787,True
F0698,1,1,46,7.85,9.273772044941932,12.277432934750125,3.0036608898081933,32.38877206871221,1.4237720449419324,4.427432934750126,3.0036608898081933,False
F0698,2,46,63,7.85,12.277432934750125,10.428716184146126,-1.8487167506039999,-15.057844424231225,4.427432934750126,2.578716184146126,-1.8487167506039999,True
F0698,3,63,88,7.85,10.428716184146126,12.658470746334505,2.229754562188379,21.3809113491657,2.578716184146126,4.808470746334505,2.229754562188379,False
F0698,4,88,210,7.85,12.658470746334505,16.910352177209973,4.251881430875468,33.58921876172664,4.808470746334505,9.060352177209973,4.251881430875468,False
F0698,5,210,222,7.85,16.910352177209973,14.146560980519837,-2.7637911966901356,-16.34378259971953,9.060352177209973,6.296560980519837,-2.7637911966901356,True
F0742,1,55,96,10.86,11.119720556216844,13.858208596795537,2.7384880405786927,24.627309892672177,0.25972055621684476,2.9982085967955374,2.7384880405786927,False
F0742,2,96,117,10.86,13.858208596795537,11.662814491260596,-2.195394105534941,-15.841831865935305,2.9982085967955374,0.8028144912605963,-2.195394105534941,True
F0742,3,117,134,10.86,11.662814491260596,15.721747505683988,4.058933014423392,34.802345672778294,0.8028144912605963,4.861747505683988,4.058933014423392,False
F0742,4,134,136,10.86,15.721747505683988,12.215074126351226,-3.506673379332762,-22.304603086043524,4.861747505683988,1.3550741263512265,-3.506673379332762,True
F0742,5,136,146,10.86,12.215074126351226,12.461981681944659,0.2469075555934328,2.0213348935868205,1.3550741263512265,1.6019816819446593,0.2469075555934328,False
F0742,6,146,147,10.86,12.461981681944659,13.037148430638531,0.5751667486938725,4.61537148242798,1.6019816819446593,2.177148430638532,0.5751667486938725,False
F0742,7,147,185,10.86,13.037148430638531,14.00012596273793,0.9629775320993996,7.386412275834118,2.177148430638532,3.1401259627379314,0.9629775320993996,False
F0742,8,185,211,10.86,14.00012596273793,17.023653777839264,3.0235278151013336,21.596432940307906,3.1401259627379314,6.163653777839265,3.0235278151013336,False
F0742,9,211,267,10.86,17.023653777839264,16.94940558050945,-0.07424819732981547,-0.43614724722884646,6.163653777839265,6.08940558050945,-0.07424819732981547,True
F0742,10,267,281,10.86,16.94940558050945,16.917583500097518,-0.03182208041193135,-0.18774747150144527,6.08940558050945,6.057583500097518,-0.03182208041193135,True
F0089,1,33,43,12.93,12.632348228893262,9.834776159420382,-2.7975720694728796,-22.146096820495732,0.2976517711067377,3.0952238405796173,2.7975720694728796,False
F0089,2,43,58,12.93,9.834776159420382,10.591519891189256,0.7567437317688732,7.69456995769055,3.0952238405796173,2.338480108810744,-0.7567437317688732,True
F0089,3,58,61,12.93,10.591519891189256,11.405347128520972,0.8138272373317168,7.68376253542906,2.338480108810744,1.5246528714790273,-0.8138272373317168,True
F0089,4,61,69,12.93,11.405347128520972,11.1908245194084,-0.21452260911257248,-1.8808950459396623,1.5246528714790273,1.7391754805915998,0.21452260911257248,False
F0089,5,69,149,12.93,11.1908245194084,14.31896203732882,3.12813751792042,27.952699217964224,1.7391754805915998,1.3889620373288203,-0.3502134432627795,True
F0089,6,149,171,12.93,14.31896203732882,14.986326698640099,0.6673646613112787,4.660705570498004,1.3889620373288203,2.056326698640099,0.6673646613112787,False
F0089,7,171,198,12.93,14.986326698640099,12.655416696592383,-2.330910002047716,-15.553577930869672,2.056326698640099,0.27458330340761705,-1.781743395232482,True
F0089,8,198,202,12.93,12.655416696592383,15.111116650837767,2.455699954245384,19.404338972944366,0.27458330340761705,2.181116650837767,1.90653334743015,False
F0089,9,202,233,12.93,15.111116650837767,15.264176714872313,0.15306006403454653,1.0128971112539247,2.181116650837767,2.3341767148723136,0.15306006403454653,False
F0089,10,233,251,12.93,15.264176714872313,16.39165468922497,1.127477974352658,7.386431613138524,2.3341767148723136,3.4616546892249715,1.127477974352658,False
F0089,11,251,266,12.93,16.39165468922497,18.224568528150318,1.8329138389253465,11.181993969957222,3.4616546892249715,5.294568528150318,1.8329138389253465,False
F0089,12,266,288,12.93,18.224568528150318,19.791379065500692,1.5668105373503742,8.597243522831405,5.294568528150318,6.861379065500692,1.5668105373503742,False
F0579,1,196,232,12.21,13.966028105739056,17.35724429566549,3.3912161899264355,24.281894352861023,1.7560281057390554,5.147244295665491,3.3912161899264355,False
F0579,2,232,255,12.21,17.35724429566549,18.15593369977249,0.7986894041069981,4.6014758477902475,5.147244295665491,5.945933699772489,0.7986894041069981,False
F0579,3,255,259,12.21,18.15593369977249,18.153599063274292,-0.00233463649819754,-0.012858807136020743,5.945933699772489,5.943599063274291,-0.00233463649819754,True
F0579,4,259,276,12.21,18.153599063274292,16.112027716621913,-2.041571346652379,-11.246096928418936,5.943599063274291,3.9020277166219124,-2.041571346652379,True
F0579,5,276,298,12.21,16.112027716621913,18.95357019065409,2.8415424740321775,17.636156814084366,3.9020277166219124,6.74357019065409,2.8415424740321775,False
F0199,1,7,23,12.03,12.071157638957642,8.455239919022533,-3.6159177199351085,-29.955020289564764,0.04115763895764246,3.574760080977466,3.5336024420198235,False
F0199,2,23,52,12.03,8.455239919022533,11.393348325581693,2.9381084065591594,34.74896554915048,3.574760080977466,0.6366516744183066,-2.9381084065591594,True
F0199,3,52,82,12.03,11.393348325581693,11.86267483676659,0.46932651118489765,4.119302752564058,0.6366516744183066,0.16732516323340896,-0.46932651118489765,True
F0199,4,82,134,12.03,11.86267483676659,13.834012841110741,1.971338004344151,16.617989041006865,0.16732516323340896,1.8040128411107421,1.6366876778773332,False
F0199,5,134,156,12.03,13.834012841110741,12.31852922869846,-1.5154836124122824,-10.954765112756707,1.8040128411107421,0.28852922869845976,-1.5154836124122824,True
F0199,6,156,161,12.03,12.31852922869846,11.611998197689214,-0.706531031009245,-5.7355145073913585,0.28852922869845976,0.4180018023107852,0.12947257361232545,False
F0199,7,161,192,12.03,11.611998197689214,15.948226607039617,4.336228409350403,37.34265486032638,0.4180018023107852,3.9182266070396174,3.5002248047288322,False
F0199,8,192,200,12.03,15.948226607039617,14.970912131761358,-0.9773144752782592,-6.128044825039471,3.9182266070396174,2.9409121317613582,-0.9773144752782592,True
F0199,9,200,204,12.03,14.970912131761358,15.576511077285858,0.6055989455245001,4.045170662913043,2.9409121317613582,3.5465110772858583,0.6055989455245001,False
F0199,10,204,226,12.03,15.576511077285858,16.32007150514176,0.743560427855904,4.773600610345833,3.5465110772858583,4.290071505141762,0.743560427855904,False
F0199,11,226,238,12.03,16.32007150514176,14.539696545355751,-1.7803749597860108,-10.909112495157206,4.290071505141762,2.5096965453557516,-1.7803749597860108,True
F0200,1,4,40,10.61,9.941808686299641,9.336237759963284,-0.6055709263363571,-6.091154491545056,0.6681913137003583,1.2737622400367155,0.6055709263363571,False
F0200,2,40,44,10.61,9.336237759963284,10.550739176667602,1.2145014167043175,13.008467092734941,1.2737622400367155,0.059260823332397905,-1.2145014167043175,True
F0200,3,44,91,10.61,10.550739176667602,8.77197898521032,-1.7787601914572821,-16.85910495627563,0.059260823332397905,1.83802101478968,1.7787601914572821,False
F0200,4,91,141,10.61,8.77197898521032,14.383169102271431,5.611190117061112,63.96720884217413,1.83802101478968,3.7731691022714315,1.9351480874817515,False
F0200,5,141,234,10.61,14.383169102271431,16.135873134525717,1.752704032254286,12.185798691454542,3.7731691022714315,5.5258731345257175,1.752704032254286,False
F0200,6,234,237,10.61,16.135873134525717,16.25224096790133,0.1163678333756124,0.7211746919763621,5.5258731345257175,5.64224096790133,0.1163678333756124,False
F0200,7,237,238,10.61,16.25224096790133,17.73105493837297,1.4788139704716414,9.099138841174852,5.64224096790133,7.121054938372971,1.4788139704716414,False
F0200,8,238,250,10.61,17.73105493837297,16.37602609536276,-1.35502884301021,-7.642121959013847,7.121054938372971,5.766026095362761,-1.35502884301021,True
F0200,9,250,259,10.61,16.37602609536276,17.01172170763409,0.6356956122713306,3.8818673625058655,5.766026095362761,6.401721707634092,0.6356956122713306,False
F0200,10,259,269,10.61,17.01172170763409,18.468765312789106,1.4570436051550146,8.564939106082129,6.401721707634092,7.858765312789107,1.4570436051550146,False
F0219,1,55,100,10.77,11.348965862738938,9.090186203438751,-2.2587796593001865,-19.90295579896173,0.5789658627389382,1.6798137965612483,1.10084793382231,False
F0219,2,100,117,10.77,9.090186203438751,13.53845326585347,4.448267062414718,48.93482886777359,1.6798137965612483,2.76845326585347,1.0886394692922217,False
F0219,3,117,128,10.77,13.53845326585347,12.003064124170816,-1.5353891416826535,-11.340949453621812,2.76845326585347,1.2330641241708165,-1.5353891416826535,True
F0219,4,128,148,10.77,12.003064124170816,12.52128104666879,0.5182169224979738,4.317371940506672,1.2330641241708165,1.7512810466687903,0.5182169224979738,False
F0219,5,148,181,10.77,12.52128104666879,13.088433722832306,0.5671526761635164,4.529509992225627,1.7512810466687903,2.3184337228323066,0.5671526761635164,False
F0219,6,181,290,10.77,13.088433722832306,16.64222071466141,3.553786991829103,27.15211817613935,2.3184337228323066,5.87222071466141,3.553786991829103,False
F0073,1,50,91,11.48,11.17647986067616,10.932418065334753,-0.24406179534140726,-2.183708988732002,0.30352013932384025,0.5475819346652475,0.24406179534140726,False
F0073,2,91,110,11.48,10.932418065334753,12.45802857255412,1.5256105072193673,13.9549228551447,0.5475819346652475,0.9780285725541198,0.4304466378888723,False
F0073,3,110,112,11.48,12.45802857255412,12.094931596255059,-0.3630969762990617,-2.914562076852102,0.9780285725541198,0.6149315962550581,-0.3630969762990617,True
F0073,4,112,210,11.48,12.094931596255059,12.999013117601137,0.9040815213460789,7.474879160341913,0.6149315962550581,1.519013117601137,0.9040815213460789,False
F0073,5,210,230,11.48,12.999013117601137,17.077746882303963,4.078733764702825,31.37725708715588,1.519013117601137,5.597746882303962,4.078733764702825,False
F0073,6,230,250,11.48,17.077746882303963,16.239627783233765,-0.8381190990701981,-4.9076678840969405,5.597746882303962,4.759627783233764,-0.8381190990701981,True
F0073,7,250,259,11.48,16.239627783233765,17.129366044625364,0.8897382613915994,5.478809448515745,4.759627783233764,5.6493660446253635,0.8897382613915994,False
F0827,1,26,81,10.18,9.173030509491461,12.809274857753751,3.6362443482622897,39.64060017569785,1.0069694905085385,2.6292748577537512,1.6223053672452128,False
F0827,2,81,95,10.18,12.809274857753751,12.271461245143454,-0.5378136126102966,-4.198626531030721,2.6292748577537512,2.0914612451434547,-0.5378136126102966,True
F0827,3,95,96,10.18,12.271461245143454,13.645050478903375,1.3735892337599207,11.193363254140019,2.0914612451434547,3.4650504789033754,1.3735892337599207,False
F0827,4,96,112,10.18,13.645050478903375,12.920573038658965,-0.7244774402444101,-5.309452254240651,3.4650504789033754,2.7405730386589653,-0.7244774402444101,True
F0827,5,112,114,10.18,12.920573038658965,12.186615938411038,-0.7339571002479275,-5.680530562010626,2.7405730386589653,2.006615938411038,-0.7339571002479275,True
F0827,6,114,133,10.18,12.186615938411038,13.867756299242407,1.6811403608313693,13.794972856513654,2.006615938411038,3.687756299242407,1.6811403608313693,False
F0827,7,133,146,10.18,13.867756299242407,14.06577159979055,0.19801530054814265,1.4278827538883143,3.687756299242407,3.8857715997905498,0.19801530054814265,False
F0827,8,146,219,10.18,14.06577159979055,13.024605851862706,-1.0411657479278436,-7.402123236121276,3.8857715997905498,2.844605851862706,-1.0411657479278436,True
F0827,9,219,224,10.18,13.024605851862706,14.972732995326567,1.9481271434638607,14.957282896858262,2.844605851862706,4.792732995326567,1.9481271434638607,False
F0827,10,224,255,10.18,14.972732995326567,16.172733355131136,1.2000003598045694,8.014571288883099,4.792732995326567,5.992733355131136,1.2000003598045694,False
F0827,11,255,299,10.18,16.172733355131136,16.393315858617633,0.22058250348649722,1.3639160347407375,5.992733355131136,6.213315858617634,0.22058250348649722,False
F0281,1,6,25,8.92,8.842972713118748,10.95633869707678,2.113365983958033,23.89881833314726,0.07702728688125227,2.036338697076781,1.9593114101955287,False
F0281,2,25,26,8.92,10.95633869707678,10.234294721543282,-0.7220439755334986,-6.590194000904193,2.036338697076781,1.3142947215432823,-0.7220439755334986,True
F0281,3,26,60,8.92,10.234294721543282,11.405682157603568,1.1713874360602858,11.445707476007163,1.3142947215432823,2.485682157603568,1.1713874360602858,False
F0281,4,60,67,8.92,11.405682157603568,11.050020358913033,-0.3556617986905355,-3.118286076851918,2.485682157603568,2.1300203589130327,-0.3556617986905355,True
F0281,5,67,99,8.92,11.050020358913033,12.877993517525066,1.8279731586120338,16.54271303796808,2.1300203589130327,3.9579935175250665,1.8279731586120338,False
F0281,6,99,121,8.92,12.877993517525066,12.486937936023402,-0.3910555815016643,-3.036618872105308,3.9579935175250665,3.566937936023402,-0.3910555815016643,True
F0281,7,121,130,8.92,12.486937936023402,14.211322982463017,1.7243850464396147,13.809510828631247,3.566937936023402,5.291322982463017,1.7243850464396147,False
F0281,8,130,159,8.92,14.211322982463017,13.371966831869587,-0.8393561505934297,-5.90624920444921,5.291322982463017,4.451966831869587,-0.8393561505934297,True
F0281,9,159,241,8.92,13.371966831869587,15.711758205828847,2.33979137395926,17.49773539957341,4.451966831869587,6.791758205828847,2.33979137395926,False
F0281,10,241,246,8.92,15.711758205828847,12.350837554055715,-3.3609206517731316,-21.391117453209507,6.791758205828847,3.4308375540557154,-3.3609206517731316,True
F0281,11,246,274,8.92,12.350837554055715,17.88906471830676,5.538227164251044,44.84090362302939,3.4308375540557154,8.96906471830676,5.538227164251044,False
F0812,1,12,70,9.74,9.603532829443793,12.322730087284244,2.7191972578404506,28.314551594008954,0.13646717055620705,2.5827300872842436,2.4462629167280365,False
F0812,2,70,120,9.74,12.322730087284244,15.635110600544722,3.3123805132604787,26.880248855556005,2.5827300872842436,5.895110600544722,3.3123805132604787,False
F0812,3,120,120,9.74,15.635110600544722,15.084199118641093,-0.5509114819036292,-3.523553468719534,5.895110600544722,5.344199118641093,-0.5509114819036292,True
F0812,4,120,169,9.74,15.084199118641093,14.379958743016907,-0.7042403756241864,-4.668728979809636,5.344199118641093,4.639958743016907,-0.7042403756241864,True
F0812,5,169,171,9.74,14.379958743016907,15.575247414093742,1.1952886710768347,8.312184286740615,4.639958743016907,5.835247414093741,1.1952886710768347,False
F0812,6,171,284,9.74,15.575247414093742,17.63670483233056,2.06145741823682,13.235471408123168,5.835247414093741,7.8967048323305615,2.06145741823682,False
F0823,1,22,27,11.24,10.859720478765594,11.03298869568008,0.17326821691448657,1.5955126768988594,0.38027952123440656,0.20701130431992,-0.17326821691448657,True
F0823,2,27,44,11.24,11.03298869568008,9.731592939554533,-1.3013957561255474,-11.795496143625193,0.20701130431992,1.5084070604454674,1.3013957561255474,False
F0823,3,44,91,11.24,9.731592939554533,11.122404759520364,1.3908118199658315,14.291718001405599,1.5084070604454674,0.11759524047963588,-1.3908118199658315,True
F0823,4,91,111,11.24,11.122404759520364,14.838216564529109,3.7158118050087445,33.408349051747535,0.11759524047963588,3.5982165645291087,3.4806213240494728,False
F0823,5,111,124,11.24,14.838216564529109,13.201562125432917,-1.6366544390961923,-11.029994285220432,3.5982165645291087,1.9615621254329163,-1.6366544390961923,True
F0823,6,124,225,11.24,13.201562125432917,15.60049699580312,2.398934870370203,18.171598539453417,1.9615621254329163,4.3604969958031194,2.398934870370203,False
F0823,7,225,258,11.24,15.60049699580312,14.350599835619162,-1.2498971601839575,-8.011906034277033,4.3604969958031194,3.110599835619162,-1.2498971601839575,True
F0803,1,2,19,8.77,9.17228526547338,11.161145875626882,1.9888606101535018,21.683370638722245,0.40228526547338106,2.391145875626883,1.9888606101535018,False
F0803,2,19,99,8.77,11.161145875626882,12.794213566184009,1.6330676905571266,14.63172069207816,2.391145875626883,4.0242135661840095,1.6330676905571266,False
F0803,3,99,112,8.77,12.794213566184009,11.368782075121334,-1.4254314910626746,-11.14122008116379,4.0242135661840095,2.598782075121335,-1.4254314910626746,True
F0803,4,112,159,8.77,11.368782075121334,15.862007606269668,4.493225531148333,39.52248799790965,2.598782075121335,7.092007606269668,4.493225531148333,False
F0803,5,159,159,8.77,15.862007606269668,15.048886868835165,-0.8131207374345024,-5.126215783133944,7.092007606269668,6.278886868835166,-0.8131207374345024,True
F0803,6,159,169,8.77,15.048886868835165,13.88058672719054,-1.1683001416446253,-7.763365834479528,6.278886868835166,5.11058672719054,-1.1683001416446253,True
F0803,7,169,180,8.77,13.88058672719054,12.777655356795918,-1.1029313703946215,-7.945855546827143,5.11058672719054,4.007655356795919,-1.1029313703946215,True
F0803,8,180,226,8.77,12.777655356795918,16.09265902673612,3.3150036699402,25.94375554336018,4.007655356795919,7.322659026736119,3.3150036699402,False
F0803,9,226,246,8.77,16.09265902673612,14.82753239052585,-1.2651266362102689,-7.8615139617909335,7.322659026736119,6.05753239052585,-1.2651266362102689,True
F0803,10,246,292,8.77,14.82753239052585,19.98500020331634,5.15746781279049,34.783048702600624,6.05753239052585,11.21500020331634,5.15746781279049,False
F0937,1,11,26,9.34,8.576133137739275,10.884611105488077,2.308477967748802,26.917468871726633,0.7638668622607252,1.5446111054880767,0.7807442432273515,False
F0937,2,26,78,9.34,10.884611105488077,13.294717440751047,2.41010633526297,22.142328392860836,1.5446111054880767,3.954717440751047,2.41010633526297,False
F0937,3,78,128,9.34,13.294717440751047,13.621803959030952,0.32708651827990565,2.4602743137459853,3.954717440751047,4.2818039590309525,0.32708651827990565,False
F0937,4,128,135,9.34,13.621803959030952,10.728613824750596,-2.8931901342803563,-21.239405169696603,4.2818039590309525,1.3886138247505961,-2.8931901342803563,True
F0937,5,135,227,9.34,10.728613824750596,18.238695906792163,7.510082082041567,70.00048845747462,1.3886138247505961,8.898695906792163,7.510082082041567,False
F0937,6,227,236,9.34,18.238695906792163,16.755219529625865,-1.4834763771662978,-8.133675701089162,8.898695906792163,7.415219529625865,-1.4834763771662978,True
F0937,7,236,257,9.34,16.755219529625865,16.59997380560951,-0.15524572401635695,-0.9265514172575182,7.415219529625865,7.2599738056095084,-0.15524572401635695,True
F0937,8,257,267,9.34,16.59997380560951,16.643184610609392,0.043210804999883834,0.26030646497334786,7.2599738056095084,7.303184610609392,0.043210804999883834,False
F0383,1,29,76,6.86,7.448861003807414,12.338119191903463,4.889258188096049,65.63766172569136,0.5888610038074136,5.478119191903462,4.889258188096049,False
F0383,2,76,76,6.86,12.338119191903463,11.943495829714436,-0.3946233621890265,-3.198407764191375,5.478119191903462,5.083495829714436,-0.3946233621890265,True
F0383,3,76,88,6.86,11.943495829714436,11.912252526196916,-0.03124330351752036,-0.26159261880252505,5.083495829714436,5.052252526196916,-0.03124330351752036,True
F0383,4,88,94,6.86,11.912252526196916,9.71659851043244,-2.1956540157644753,-18.431896158479574,5.052252526196916,2.8565985104324403,-2.1956540157644753,True
F0383,5,94,104,6.86,9.71659851043244,12.518953805230645,2.802355294798204,28.840908593572056,2.8565985104324403,5.658953805230644,2.802355294798204,False
F0383,6,104,125,6.86,12.518953805230645,13.87066415444321,1.3517103492125653,10.797310783651875,5.658953805230644,7.01066415444321,1.3517103492125653,False
F0383,7,125,168,6.86,13.87066415444321,12.739918326542451,-1.1307458279007587,-8.15206694726687,7.01066415444321,5.879918326542451,-1.1307458279007587,True
F0383,8,168,190,6.86,12.739918326542451,15.692824951841452,2.9529066252990006,23.17837955952112,5.879918326542451,8.832824951841452,2.9529066252990015,False
F0383,9,190,206,6.86,15.692824951841452,12.422699096239022,-3.27012585560243,-20.838350428542196,8.832824951841452,5.5626990962390215,-3.270125855602431,True
F0383,10,206,208,6.86,12.422699096239022,14.480888570903312,2.0581894746642906,16.567973342342395,5.5626990962390215,7.620888570903312,2.0581894746642906,False
F0383,11,208,285,6.86,14.480888570903312,16.861512936322786,2.3806243654194734,16.439767171490438,7.620888570903312,10.001512936322786,2.3806243654194743,False
F0383,12,285,300,6.86,16.861512936322786,17.677024914835798,0.8155119785130118,4.83652909197875,10.001512936322786,10.817024914835798,0.8155119785130118,False
F0248,1,14,15,8.35,9.137765016279143,9.603247771577676,0.4654827552985328,5.094054776734402,0.7877650162791436,1.2532477715776764,0.4654827552985328,False
F0248,2,15,20,8.35,9.603247771577676,9.856871372696009,0.25362360111833304,2.6410190297179668,1.2532477715776764,1.5068713726960095,0.25362360111833304,False
F0248,3,20,44,8.35,9.856871372696009,11.699329395573232,1.8424580228772225,18.692117947089343,1.5068713726960095,3.349329395573232,1.8424580228772225,False
F0248,4,44,73,8.35,11.699329395573232,12.779523755774058,1.0801943602008262,9.23295963108405,3.349329395573232,4.429523755774058,1.0801943602008262,False
F0248,5,73,75,8.35,12.779523755774058,9.798215364996931,-2.9813083907771265,-23.328791023453505,4.429523755774058,1.4482153649969316,-2.9813083907771265,True
F0248,6,75,91,8.35,9.798215364996931,10.310275482005945,0.512060117009014,5.226054928719914,1.4482153649969316,1.9602754820059456,0.512060117009014,False
F0248,7,91,92,8.35,10.310275482005945,12.806561925571371,2.4962864435654257,24.211636710600807,1.9602754820059456,4.456561925571371,2.4962864435654257,False
F0248,8,92,116,8.35,12.806561925571371,13.259908667022984,0.4533467414516128,3.539956657269562,4.456561925571371,4.909908667022984,0.4533467414516128,False
F0248,9,116,156,8.35,13.259908667022984,12.016216294671379,-1.243692372351605,-9.379343429752518,4.909908667022984,3.666216294671379,-1.243692372351605,True
F0248,10,156,238,8.35,12.016216294671379,15.741798733039442,3.725582438368063,31.00462197921805,3.666216294671379,7.391798733039442,3.725582438368063,False
F0248,11,238,248,8.35,15.741798733039442,15.114470572813174,-0.6273281602262681,-3.9851110464880337,7.391798733039442,6.764470572813174,-0.6273281602262681,True
F0297,1,11,41,10.66,11.209641167634603,11.65627755229473,0.44663638466012756,3.984395021936053,0.5496411676346025,0.99627755229473,0.44663638466012756,False
F0297,2,41,45,10.66,11.65627755229473,8.696037305709748,-2.9602402465849824,-25.396102943707017,0.99627755229473,1.9639626942902524,0.9676851419955224,False
F0297,3,45,47,10.66,8.696037305709748,10.817432805069071,2.1213954993593234,24.394967785688227,1.9639626942902524,0.15743280506907098,-1.8065298892211814,True
F0297,4,47,80,10.66,10.817432805069071,10.950147209111462,0.13271440404239065,1.2268567453471995,0.15743280506907098,0.29014720911146163,0.13271440404239065,False
F0297,5,80,113,10.66,10.950147209111462,12.255867221869648,1.3057200127581865,11.924223371825683,0.29014720911146163,1.5958672218696481,1.3057200127581865,False
F0297,6,113,289,10.66,12.255867221869648,18.71222013235201,6.4563529104823605,52.679690417676014,1.5958672218696481,8.052220132352009,6.4563529104823605,False
F0622,1,39,65,7.47,7.846723982544019,10.568016101186567,2.7212921186425474,34.68061479792572,0.3767239825440196,3.098016101186567,2.7212921186425474,False
F0622,2,65,66,7.47,10.568016101186567,11.018266910875203,0.4502508096886366,4.260504576995136,3.098016101186567,3.5482669108752036,0.4502508096886366,False
F0622,3,66,105,7.47,11.018266910875203,11.832613633976083,0.8143467231008792,7.390878526432375,3.5482669108752036,4.362613633976083,0.8143467231008792,False
F0622,4,105,109,7.47,11.832613633976083,13.217085384507202,1.3844717505311195,11.700472890923754,4.362613633976083,5.747085384507202,1.3844717505311195,False
F0622,5,109,136,7.47,13.217085384507202,14.329149836641772,1.11206445213457,8.41384026646381,5.747085384507202,6.859149836641772,1.11206445213457,False
F0622,6,136,136,7.47,14.329149836641772,13.399931501883172,-0.9292183347586,-6.484811348559216,6.859149836641772,5.929931501883172,-0.9292183347586,True
F0622,7,136,194,7.47,13.399931501883172,13.105513063774355,-0.29441843810881707,-2.1971637546612883,5.929931501883172,5.635513063774355,-0.29441843810881707,True
F0535,1,13,14,8.94,7.83819585248654,9.626340424836254,1.7881445723497142,22.813216280918198,1.1018041475134597,0.6863404248362546,-0.4154637226772051,True
F0535,2,14,95,8.94,9.626340424836254,13.440398616544101,3.814058191707847,39.621060791362204,0.6863404248362546,4.500398616544102,3.814058191707847,False
F0535,3,95,102,8.94,13.440398616544101,14.820936513867295,1.3805378973231939,10.271554711359956,4.500398616544102,5.8809365138672955,1.3805378973231939,False
F0535,4,102,124,8.94,14.820936513867295,13.341214146012105,-1.4797223678551905,-9.98400044741221,5.8809365138672955,4.401214146012105,-1.4797223678551905,True
F0535,5,124,164,8.94,13.341214146012105,13.588737543663303,0.24752339765119835,1.8553288699378754,4.401214146012105,4.648737543663303,0.24752339765119835,False
F0535,6,164,187,8.94,13.588737543663303,15.496919450956652,1.9081819072933488,14.042378117628534,4.648737543663303,6.556919450956652,1.9081819072933488,False
F0902,1,35,83,7.57,8.40144842189548,11.968722376645129,3.5672739547496484,42.46022561363084,0.8314484218954803,4.398722376645129,3.5672739547496484,False
F0902,2,83,108,7.57,11.968722376645129,13.912084217674156,1.9433618410290272,16.23700324790855,4.398722376645129,6.342084217674156,1.9433618410290272,False
F0902,3,108,146,7.57,13.912084217674156,13.717463670779383,-0.19462054689477348,-1.3989316327421604,6.342084217674156,6.147463670779382,-0.19462054689477348,True
F0902,4,146,198,7.57,13.717463670779383,13.299874738655667,-0.4175889321237154,-3.044213873248693,6.147463670779382,5.729874738655667,-0.4175889321237154,True
F0902,5,198,251,7.57,13.299874738655667,16.559094266190794,3.2592195275351266,24.505640779174463,5.729874738655667,8.989094266190794,3.2592195275351266,False
F0902,6,251,273,7.57,16.559094266190794,17.54523166082374,0.9861373946329479,5.955261675430972,8.989094266190794,9.975231660823741,0.9861373946329479,False
F0902,7,273,278,7.57,17.54523166082374,17.09137123625049,-0.45386042457325004,-2.5868021200692515,9.975231660823741,9.521371236250491,-0.45386042457325004,True
F0364,1,76,82,10.59,10.870302435847169,10.788612755389703,-0.08168968045746539,-0.7514940907998662,0.28030243584716885,0.19861275538970347,-0.08168968045746539,True
F0364,2,82,90,10.59,10.788612755389703,11.690220244511114,0.9016074891214103,8.35702893007251,0.19861275538970347,1.1002202445111138,0.9016074891214103,False
F0364,3,90,135,10.59,11.690220244511114,13.092656676046595,1.402436431535481,11.99666389684971,1.1002202445111138,2.5026566760465947,1.402436431535481,False
F0364,4,135,151,10.59,13.092656676046595,13.831381146471966,0.738724470425371,5.642280926657837,2.5026566760465947,3.2413811464719657,0.738724470425371,False
F0364,5,151,162,10.59,13.831381146471966,12.81122750823676,-1.0201536382352057,-7.375645479160416,3.2413811464719657,2.22122750823676,-1.0201536382352057,True
F0364,6,162,214,10.59,12.81122750823676,16.072919638744388,3.261692130507628,25.45963787162923,2.22122750823676,5.482919638744388,3.261692130507628,False
F0364,7,214,282,10.59,16.072919638744388,18.278197240663058,2.20527760191867,13.720454351073617,5.482919638744388,7.688197240663058,2.20527760191867,False
F0364,8,282,291,10.59,18.278197240663058,18.343313737753668,0.06511649709061018,0.35625229465052005,7.688197240663058,7.753313737753668,0.06511649709061018,False
F0974,1,2,205,6.46,7.016767242862135,15.991867147061477,8.975099904199343,127.90932909067689,0.5567672428621346,9.531867147061476,8.975099904199341,False
F0974,2,205,223,6.46,15.991867147061477,15.88721088370843,-0.10465626335304634,-0.6544342970750419,9.531867147061476,9.42721088370843,-0.10465626335304634,True
F0974,3,223,232,6.46,15.88721088370843,16.453120498435453,0.5659096147270226,3.5620450868902087,9.42721088370843,9.993120498435452,0.5659096147270226,False
F0974,4,232,245,6.46,16.453120498435453,14.544443162851607,-1.908677335583846,-11.60070113000962,9.993120498435452,8.084443162851606,-1.908677335583846,True
F0974,5,245,266,6.46,14.544443162851607,14.85810277007807,0.31365960722646236,2.1565597507891514,8.084443162851606,8.398102770078069,0.31365960722646236,False
F0138,1,10,61,12.79,11.796236711385047,10.392960235033222,-1.4032764763518255,-11.895967423216119,0.9937632886149519,2.3970397649667774,1.4032764763518255,False
F0138,2,61,62,12.79,10.392960235033222,8.8774222729181,-1.515537962115122,-14.582351205448226,2.3970397649667774,3.9125777270818993,1.515537962115122,False
F0138,3,62,104,12.79,8.8774222729181,14.535737084912224,5.658314811994124,63.73826363150097,3.9125777270818993,1.745737084912225,-2.1668406421696744,True
F0138,4,104,151,12.79,14.535737084912224,14.115350527014712,-0.4203865578975119,-2.892089719577165,1.745737084912225,1.325350527014713,-0.4203865578975119,True
F0138,5,151,152,12.79,14.115350527014712,15.777878083525122,1.66252755651041,11.778152822550004,1.325350527014713,2.987878083525123,1.66252755651041,False
F0138,6,152,171,12.79,15.777878083525122,13.365836568290009,-2.4120415152351136,-15.287489879603703,2.987878083525123,0.5758365682900095,-2.4120415152351136,True
F0138,7,171,180,12.79,13.365836568290009,14.827755128919142,1.4619185606291332,10.937725844242964,0.5758365682900095,2.0377551289191427,1.4619185606291332,False
F0138,8,180,198,12.79,14.827755128919142,14.605485363460414,-0.22226976545872823,-1.499011573405518,2.0377551289191427,1.8154853634604144,-0.22226976545872823,True
F0138,9,198,239,12.79,14.605485363460414,16.925419026127063,2.3199336626666494,15.883988822929455,1.8154853634604144,4.135419026127064,2.3199336626666494,False
F0138,10,239,261,12.79,16.925419026127063,19.745684235063244,2.8202652089361813,16.662897412363353,4.135419026127064,6.955684235063245,2.8202652089361813,False
F0121,1,34,40,10.58,10.670873290529439,8.702352380395642,-1.9685209101337975,-18.44760833099658,0.09087329052943893,1.8776476196043586,1.7867743290749196,False
F0121,2,40,43,10.58,8.702352380395642,7.842504538544144,-0.8598478418514972,-9.880636915927845,1.8776476196043586,2.7374954614558558,0.8598478418514972,False
F0121,3,43,55,10.58,7.842504538544144,12.12881977238245,4.286315233838305,54.65492831750407,2.7374954614558558,1.5488197723824495,-1.1886756890734063,True
F0121,4,55,115,10.58,12.12881977238245,10.530247548848276,-1.5985722235341733,-13.179948696856329,1.5488197723824495,0.049752451151723776,-1.4990673212307257,True
F0121,5,115,149,10.58,10.530247548848276,9.398414193235334,-1.131833355612942,-10.74840216588008,0.049752451151723776,1.1815858067646658,1.131833355612942,False
F0121,6,149,158,10.58,9.398414193235334,13.793022181912786,4.394607988677452,46.75903719843018,1.1815858067646658,3.2130221819127858,2.03143637514812,False
F0121,7,158,193,10.58,13.793022181912786,14.733987373182972,0.9409651912701857,6.822037830868585,3.2130221819127858,4.1539873731829715,0.9409651912701857,False
F0121,8,193,194,10.58,14.733987373182972,16.112247483648126,1.3782601104651544,9.35429137786352,4.1539873731829715,5.532247483648126,1.3782601104651544,False
F0121,9,194,262,10.58,16.112247483648126,14.484132771134496,-1.6281147125136304,-10.104826866431631,5.532247483648126,3.9041327711344955,-1.6281147125136304,True
F0121,10,262,283,10.58,14.484132771134496,18.152696759796587,3.6685639886620915,25.32815769248672,3.9041327711344955,7.572696759796587,3.6685639886620915,False
F0260,1,82,97,11.42,11.322246561727363,13.27091883770931,1.9486722759819468,17.211003711657824,0.09775343827263683,1.85091883770931,1.7531653994366732,False
F0260,2,97,101,11.42,13.27091883770931,13.34909251000272,0.07817367229340988,0.5890599833319712,1.85091883770931,1.9290925100027199,0.07817367229340988,False
F0260,3,101,127,11.42,13.34909251000272,14.240397023160185,0.8913045131574648,6.676892174427543,1.9290925100027199,2.8203970231601847,0.8913045131574648,False
F0260,4,127,185,11.42,14.240397023160185,14.261249529249065,0.020852506088880673,0.14643205561591252,2.8203970231601847,2.8412495292490654,0.020852506088880673,False
F0260,5,185,194,11.42,14.261249529249065,15.066962067096522,0.805712537847457,5.649662998988857,2.8412495292490654,3.6469620670965224,0.805712537847457,False
F0260,6,194,278,11.42,15.066962067096522,18.994983813004968,3.9280217459084454,26.070429648764588,3.6469620670965224,7.574983813004968,3.9280217459084454,False
F0260,7,278,291,11.42,18.994983813004968,16.24568332186794,-2.749300491137028,-14.473823816868492,7.574983813004968,4.82568332186794,-2.749300491137028,True
F0788,1,52,58,11.94,12.205776915761096,11.592729416818514,-0.6130474989425814,-5.022601209030491,0.2657769157610961,0.3472705831814853,0.08149366742038922,False
F0788,2,58,177,11.94,11.592729416818514,16.46355116613286,4.870821749314345,42.0161773313526,0.3472705831814853,4.52355116613286,4.1762805829513745,False
F0788,3,177,177,11.94,16.46355116613286,16.34282168283837,-0.12072948329448963,-0.7333137430449514,4.52355116613286,4.40282168283837,-0.12072948329448963,True
F0788,4,177,210,11.94,16.34282168283837,14.464980088868057,-1.877841593970313,-11.490314404777715,4.40282168283837,2.524980088868057,-1.877841593970313,True
F0788,5,210,222,11.94,14.464980088868057,15.279626422224991,0.8146463333569347,5.631852434998299,2.524980088868057,3.339626422224992,0.8146463333569347,False
F0788,6,222,247,11.94,15.279626422224991,13.996345099102186,-1.2832813231228055,-8.398643315364096,3.339626422224992,2.0563450991021863,-1.2832813231228055,True
F0788,7,247,247,11.94,13.996345099102186,16.68908574244825,2.6927406433460632,19.238884325014197,2.0563450991021863,4.7490857424482495,2.6927406433460632,False
F0788,8,247,285,11.94,16.68908574244825,17.648395213176094,0.9593094707278453,5.748124765683641,4.7490857424482495,5.708395213176095,0.9593094707278453,False
F0522,1,6,49,10.14,9.861719027489821,8.70974415182822,-1.151974875661601,-11.681278613296916,0.2782809725101796,1.4302558481717806,1.151974875661601,False
F0522,2,49,226,10.14,8.70974415182822,16.058912418343866,7.349168266515646,84.37869285716066,1.4302558481717806,5.918912418343865,4.488656570172084,False
F0522,3,226,263,10.14,16.058912418343866,16.282876914170526,0.22396449582666023,1.3946429869735686,5.918912418343865,6.142876914170525,0.22396449582666023,False
F0060,1,76,89,10.21,9.952721706456373,9.137142403455815,-0.8155793030005576,-8.19453539499138,0.25727829354362797,1.0728575965441856,0.8155793030005576,False
F0060,2,89,117,10.21,9.137142403455815,12.572020848244307,3.4348784447884917,37.592480155386056,1.0728575965441856,2.362020848244306,1.2891632517001206,False
F0060,3,117,152,10.21,12.572020848244307,13.810484614935616,1.238463766691309,9.850952218745816,2.362020848244306,3.600484614935615,1.238463766691309,False
F0060,4,152,196,10.21,13.810484614935616,14.584768141096067,0.7742835261604508,5.60649063192965,3.600484614935615,4.374768141096066,0.7742835261604508,False
F0060,5,196,216,10.21,14.584768141096067,15.375580722120455,0.7908125810243885,5.422181370138379,4.374768141096066,5.165580722120454,0.7908125810243885,False
F0060,6,216,232,10.21,15.375580722120455,16.43750276572338,1.0619220436029249,6.9065491755713975,5.165580722120454,6.227502765723379,1.0619220436029249,False
F0060,7,232,235,10.21,16.43750276572338,18.28855505849905,1.8510522927756696,11.261152738088732,6.227502765723379,8.078555058499049,1.8510522927756696,False
F0060,8,235,254,10.21,18.28855505849905,16.5364066503031,-1.75214840819595,-9.58057321965243,8.078555058499049,6.326406650303099,-1.75214840819595,True
F0060,9,254,281,10.21,16.5364066503031,15.579584452485303,-0.9568221978177966,-5.786155469273361,6.326406650303099,5.369584452485302,-0.9568221978177966,True
F0060,10,281,286,10.21,15.579584452485303,18.164856171229925,2.5852717187446217,16.593970953648967,5.369584452485302,7.954856171229924,2.5852717187446217,False
F0024,1,6,17,8.85,9.146815537754739,9.677632676145095,0.5308171383903559,5.803299915684701,0.296815537754739,0.827632676145095,0.5308171383903559,False
F0024,2,17,33,8.85,9.677632676145095,8.05936587203433,-1.618266804110764,-16.721721708860834,0.827632676145095,0.790634127965669,-0.03699854817942594,True
F0024,3,33,64,8.85,8.05936587203433,10.706644785447452,2.647278913413121,32.84723581788327,0.790634127965669,1.8566447854474522,1.0660106574817831,False
F0024,4,64,126,8.85,10.706644785447452,12.299199232787382,1.5925544473399302,14.87444927195625,1.8566447854474522,3.4491992327873824,1.5925544473399302,False
F0024,5,126,158,8.85,12.299199232787382,14.044630779413561,1.745431546626179,14.191424283730461,3.4491992327873824,5.194630779413561,1.745431546626179,False
F0024,6,158,223,8.85,14.044630779413561,16.41422050179651,2.3695897223829494,16.871854871801,5.194630779413561,7.564220501796511,2.3695897223829494,False
F0024,7,223,272,8.85,16.41422050179651,16.05512630053231,-0.3590942012641989,-2.187701823701568,7.564220501796511,7.205126300532312,-0.3590942012641989,True
F0024,8,272,274,8.85,16.05512630053231,16.398526410351092,0.34340010981878066,2.1388813976966046,7.205126300532312,7.5485264103510925,0.34340010981878066,False
F0214,1,34,41,8.28,8.942872884459643,10.522726723364949,1.579853838905306,17.666066143584306,0.6628728844596434,2.2427267233649495,1.579853838905306,False
F0214,2,41,43,8.28,10.522726723364949,10.62943258013127,0.10670585676632172,1.0140513915408365,2.2427267233649495,2.349432580131271,0.10670585676632172,False
F0214,3,43,67,8.28,10.62943258013127,10.733643955015062,0.10421137488379095,0.9804039312369764,2.349432580131271,2.453643955015062,0.10421137488379095,False
F0214,4,67,101,8.28,10.733643955015062,12.180903637410422,1.4472596823953605,13.48339565259345,2.453643955015062,3.9009036374104227,1.4472596823953605,False
F0214,5,101,124,8.28,12.180903637410422,14.306457542311318,2.1255539049008956,17.449886873522413,3.9009036374104227,6.026457542311318,2.1255539049008956,False
F0214,6,124,150,8.28,14.306457542311318,14.524577295803224,0.21811975349190682,1.5246244770714072,6.026457542311318,6.244577295803225,0.21811975349190682,False
F0214,7,150,190,8.28,14.524577295803224,13.780616823827708,-0.743960471975516,-5.122080022187483,6.244577295803225,5.500616823827709,-0.743960471975516,True
F0214,8,190,191,8.28,13.780616823827708,14.333328780878155,0.5527119570504464,4.010792580015479,5.500616823827709,6.0533287808781555,0.5527119570504464,False
F0214,9,191,215,8.28,14.333328780878155,15.4159380428627,1.0826092619845458,7.553090273271593,6.0533287808781555,7.135938042862701,1.0826092619845458,False
F0214,10,215,236,8.28,15.4159380428627,14.968758747899312,-0.44717929496338904,-2.900759549759769,7.135938042862701,6.688758747899312,-0.44717929496338904,True
F0214,11,236,253,8.28,14.968758747899312,14.738961406553019,-0.22979734134629304,-1.5351796713173855,6.688758747899312,6.458961406553019,-0.22979734134629304,True
F0214,12,253,254,8.28,14.738961406553019,14.703326621424418,-0.0356347851286003,-0.2417727012485214,6.458961406553019,6.423326621424419,-0.0356347851286003,True
F0214,13,254,294,8.28,14.703326621424418,17.49585963387975,2.7925330124553316,18.99252519077073,6.423326621424419,9.21585963387975,2.7925330124553316,False
F0214,14,294,298,8.28,17.49585963387975,19.277411685454304,1.781552051574554,10.182706588047143,9.21585963387975,10.997411685454304,1.781552051574554,False
F0549,1,39,62,11.73,10.28271186979343,12.511631470462437,2.2289196006690073,21.676379041765216,1.4472881302065712,0.7816314704624361,-0.6656566597441351,True
F0549,2,62,93,11.73,12.511631470462437,11.693740798692218,-0.8178906717702183,-6.537042540783762,0.7816314704624361,0.03625920130778226,-0.7453722691546538,True
F0549,3,93,124,11.73,11.693740798692218,13.284957810404123,1.5912170117119047,13.607425024247673,0.03625920130778226,1.5549578104041224,1.5186986090963401,False
F0549,4,124,128,11.73,13.284957810404123,12.946222024071636,-0.3387357863324869,-2.5497693795249075,1.5549578104041224,1.2162220240716355,-0.3387357863324869,True
F0549,5,128,182,11.73,12.946222024071636,14.539371845104823,1.5931498210331867,12.305905290909996,1.2162220240716355,2.809371845104822,1.5931498210331867,False
F0549,6,182,203,11.73,14.539371845104823,14.702073302211737,0.1627014571069143,1.119040484281261,2.809371845104822,2.9720733022117365,0.1627014571069143,False
F0549,7,203,229,11.73,14.702073302211737,15.647680667321387,0.9456073651096499,6.431796017282784,2.9720733022117365,3.9176806673213864,0.9456073651096499,False
F0549,8,229,250,11.73,15.647680667321387,15.53401391941658,-0.1136667479048068,-0.726412752927585,3.9176806673213864,3.8040139194165796,-0.1136667479048068,True
F0549,9,250,276,11.73,15.53401391941658,17.878618841635102,2.3446049222185223,15.09336179548486,3.8040139194165796,6.148618841635102,2.3446049222185223,False
F0549,10,276,277,11.73,17.878618841635102,17.203406790631938,-0.6752120510031645,-3.776645483546829,6.148618841635102,5.4734067906319375,-0.6752120510031645,True
F0527,1,26,33,6.46,7.174460963595892,9.098937988768562,1.9244770251726697,26.823994651831068,0.7144609635958918,2.6389379887685616,1.9244770251726697,False
F0527,2,33,50,6.46,9.098937988768562,10.467390028928783,1.3684520401602214,15.039689707187751,2.6389379887685616,4.007390028928783,1.3684520401602214,False
F0527,3,50,58,6.46,10.467390028928783,11.119514844989219,0.6521248160604358,6.230061307146814,4.007390028928783,4.659514844989219,0.6521248160604358,False
F0527,4,58,66,6.46,11.119514844989219,12.75530679699121,1.6357919520019912,14.711001107562954,4.659514844989219,6.29530679699121,1.6357919520019912,False
F0527,5,66,84,6.46,12.75530679699121,11.251816603090164,-1.5034901939010457,-11.787173902047554,6.29530679699121,4.791816603090164,-1.5034901939010457,True
F0527,6,84,111,6.46,11.251816603090164,13.451433590156192,2.199616987066028,19.548994306056606,4.791816603090164,6.991433590156192,2.199616987066028,False
F0527,7,111,140,6.46,13.451433590156192,12.753830630375223,-0.6976029597809692,-5.18608633871915,6.991433590156192,6.293830630375223,-0.6976029597809692,True
F0527,8,140,142,6.46,12.753830630375223,11.552475376835082,-1.2013552535401413,-9.419564116516709,6.293830630375223,5.092475376835082,-1.2013552535401413,True
F0527,9,142,162,6.46,11.552475376835082,13.983070425134272,2.4305950482991907,21.03960379931212,5.092475376835082,7.523070425134272,2.4305950482991907,False
F0527,10,162,172,6.46,13.983070425134272,10.798370066014428,-3.1847003591198444,-22.775400983430742,7.523070425134272,4.338370066014428,-3.1847003591198444,True
F0527,11,172,185,6.46,10.798370066014428,15.05542862923625,4.257058563221822,39.42315865447145,4.338370066014428,8.595428629236249,4.257058563221821,False
F0527,12,185,186,6.46,15.05542862923625,15.131868800820575,0.07644017158432526,0.5077249772609298,8.595428629236249,8.671868800820576,0.07644017158432703,False
F0527,13,186,261,6.46,15.131868800820575,16.74596395985794,1.6140951590373636,10.666859330354715,8.671868800820576,10.285963959857938,1.6140951590373618,False
F0440,1,1,31,10.16,9.305123760094688,9.917674732726846,0.6125509726321585,6.582942778892447,0.8548762399053125,0.24232526727315395,-0.6125509726321585,True
F0440,2,31,77,10.16,9.917674732726846,11.618220051867127,1.7005453191402804,17.14661314238039,0.24232526727315395,1.4582200518671264,1.2158947845939725,False
F0440,3,77,97,10.16,11.618220051867127,11.252082469793688,-0.3661375820734385,-3.151408567223666,1.4582200518671264,1.092082469793688,-0.3661375820734385,True
F0440,4,97,149,10.16,11.252082469793688,14.398074330179625,3.145991860385937,27.95919660943989,1.092082469793688,4.238074330179625,3.145991860385937,False
F0440,5,149,198,10.16,14.398074330179625,13.154026230692274,-1.244048099487351,-8.640378365596552,4.238074330179625,2.994026230692274,-1.244048099487351,True
F0440,6,198,262,10.16,13.154026230692274,16.991151981624817,3.837125750932543,29.170732090980493,2.994026230692274,6.831151981624817,3.837125750932543,False
F0440,7,262,270,10.16,16.991151981624817,17.049199417454695,0.05804743582987726,0.3416333153434976,6.831151981624817,6.889199417454694,0.05804743582987726,False
F0440,8,270,281,10.16,17.049199417454695,18.56542321360739,1.516223796152694,8.893225769888108,6.889199417454694,8.405423213607389,1.516223796152694,False
F0440,9,281,285,10.16,18.56542321360739,17.992757955133854,-0.5726652584735348,-3.084579607395128,8.405423213607389,7.832757955133854,-0.5726652584735348,True
F0440,10,285,295,10.16,17.992757955133854,15.970653625973174,-2.0221043291606797,-11.238434564633906,7.832757955133854,5.810653625973174,-2.0221043291606797,True
F0440,11,295,298,10.16,15.970653625973174,18.17775871581735,2.207105089844177,13.819754291425793,5.810653625973174,8.017758715817351,2.207105089844177,False
F0690,1,10,34,8.42,8.757014130349539,10.653772010763838,1.8967578804142988,21.659870044523828,0.3370141303495391,2.233772010763838,1.8967578804142988,False
F0690,2,34,63,8.42,10.653772010763838,11.40544385594227,0.7516718451784321,7.055452701812978,2.233772010763838,2.98544385594227,0.7516718451784321,False
F0690,3,63,105,8.42,11.40544385594227,13.323898970232541,1.9184551142902713,16.820521310012417,2.98544385594227,4.903898970232541,1.9184551142902713,False
F0690,4,105,107,8.42,13.323898970232541,12.947065427978446,-0.3768335422540954,-2.8282527741766454,4.903898970232541,4.527065427978446,-0.3768335422540954,True
F0690,5,107,148,8.42,12.947065427978446,11.977539305390373,-0.9695261225880731,-7.4883851323786415,4.527065427978446,3.5575393053903728,-0.9695261225880731,True
F0690,6,148,182,8.42,11.977539305390373,15.34266862112106,3.3651293157306874,28.095331018586133,3.5575393053903728,6.92266862112106,3.3651293157306874,False
F0690,7,182,222,8.42,15.34266862112106,14.062844386568136,-1.2798242345529243,-8.341601230903791,6.92266862112106,5.642844386568136,-1.2798242345529243,True
F0690,8,222,241,8.42,14.062844386568136,16.963276512208303,2.900432125640167,20.624790020505817,5.642844386568136,8.543276512208303,2.900432125640167,False
F0690,9,241,275,8.42,16.963276512208303,18.86663110838075,1.9033545961724485,11.220441963571265,8.543276512208303,10.446631108380751,1.9033545961724485,False
F0097,1,10,25,8.33,9.240283466754486,11.008208825796629,1.7679253590421435,19.13280437123972,0.9102834667544855,2.678208825796629,1.7679253590421435,False
F0097,2,25,69,8.33,11.008208825796629,12.206148183036658,1.1979393572400294,10.882236848857547,2.678208825796629,3.8761481830366584,1.1979393572400294,False
F0097,3,69,75,8.33,12.206148183036658,12.308819933739901,0.10267175070324264,0.8411478311063716,3.8761481830366584,3.978819933739901,0.10267175070324264,False
F0097,4,75,119,8.33,12.308819933739901,13.11725778152454,0.8084378477846386,6.567955759663173,3.978819933739901,4.78725778152454,0.8084378477846386,False
F0097,5,119,139,8.33,13.11725778152454,12.021691837586728,-1.095565943937812,-8.352095858639755,4.78725778152454,3.6916918375867276,-1.095565943937812,True
F0097,6,139,207,8.33,12.021691837586728,17.935448922091286,5.913757084504558,49.19238626642176,3.6916918375867276,9.605448922091286,5.913757084504558,False
F0097,7,207,244,8.33,17.935448922091286,17.468635148597656,-0.4668137734936302,-2.602743736838673,9.605448922091286,9.138635148597656,-0.4668137734936302,True
F0097,8,244,262,8.33,17.468635148597656,18.013061305399003,0.5444261568013467,3.1165924078793985,9.138635148597656,9.683061305399002,0.5444261568013467,False
F0097,9,262,281,8.33,18.013061305399003,17.826672445036024,-0.1863888603629782,-1.0347428302323736,9.683061305399002,9.496672445036024,-0.1863888603629782,True
F0097,10,281,291,8.33,17.826672445036024,19.82294593407072,1.9962734890346958,11.198239577182413,9.496672445036024,11.49294593407072,1.9962734890346958,False
F0571,1,109,129,10.14,11.471736081658143,14.048681784708245,2.576945703050102,22.463432602588483,1.3317360816581427,3.9086817847082447,2.576945703050102,False
F0571,2,129,148,10.14,14.048681784708245,14.3567836942629,0.30810190955465444,2.1931019171493955,3.9086817847082447,4.216783694262899,0.30810190955465444,False
F0571,3,148,159,10.14,14.3567836942629,14.491099796348442,0.1343161020855419,0.9355584436311861,4.216783694262899,4.351099796348441,0.1343161020855419,False
F0571,4,159,161,10.14,14.491099796348442,12.992291458756297,-1.4988083375921448,-10.342957806210292,4.351099796348441,2.852291458756296,-1.4988083375921448,True
F0571,5,161,230,10.14,12.992291458756297,14.351681101466607,1.35938964271031,10.463047623474722,2.852291458756296,4.211681101466606,1.35938964271031,False
F0571,6,230,240,10.14,14.351681101466607,15.609097064452264,1.2574159629856574,8.761454174571655,4.211681101466606,5.469097064452264,1.2574159629856574,False
F0571,7,240,249,10.14,15.609097064452264,17.822781514922568,2.2136844504703035,14.182014765682304,5.469097064452264,7.682781514922567,2.2136844504703035,False
F0571,8,249,253,10.14,17.822781514922568,17.7886332242022,-0.03414829072036696,-0.19159910977854636,7.682781514922567,7.6486332242022,-0.03414829072036696,True
F0371,1,52,88,11.87,10.632006701492497,11.671507274371402,1.0395005728789055,9.777087261739432,1.2379932985075026,0.1984927256285971,-1.0395005728789055,True
F0371,2,88,109,11.87,11.671507274371402,12.984011979177755,1.3125047048063525,11.245374517208967,0.1984927256285971,1.1140119791777554,0.9155192535491583,False
F0371,3,109,125,11.87,12.984011979177755,14.140437293676536,1.1564253144987813,8.906533021945155,1.1140119791777554,2.2704372936765367,1.1564253144987813,False
F0371,4,125,137,11.87,14.140437293676536,13.408702698704367,-0.7317345949721688,-5.174766379391911,2.2704372936765367,1.538702698704368,-0.7317345949721688,True
F0371,5,137,186,11.87,13.408702698704367,15.238632960656144,1.8299302619517768,13.647332654549766,1.538702698704368,3.3686329606561447,1.8299302619517768,False
F0371,6,186,187,11.87,15.238632960656144,14.750368335678225,-0.4882646249779192,-3.2041235341683536,3.3686329606561447,2.8803683356782255,-0.4882646249779192,True
F0371,7,187,188,11.87,14.750368335678225,16.279236815259967,1.5288684795817424,10.364951198430155,2.8803683356782255,4.409236815259968,1.5288684795817424,False
F0371,8,188,189,11.87,16.279236815259967,13.947115818119592,-2.3321209971403754,-14.325739121592434,4.409236815259968,2.0771158181195926,-2.3321209971403754,True
F0371,9,189,264,11.87,13.947115818119592,16.496830930042513,2.5497151119229216,18.281307369731763,2.0771158181195926,4.626830930042514,2.5497151119229216,False
F0371,10,264,268,11.87,16.496830930042513,15.737332796042281,-0.759498134000232,-4.603903241907534,4.626830930042514,3.867332796042282,-0.759498134000232,True
F0371,11,268,293,11.87,15.737332796042281,15.068922057694978,-0.668410738347303,-4.247293661575226,3.867332796042282,3.198922057694979,-0.668410738347303,True
F0915,1,5,12,9.14,9.322677315510022,7.360609916036499,-1.962067399473523,-21.046179472599096,0.18267731551002164,1.7793900839635013,1.5967127684534796,False
F0915,2,12,17,9.14,7.360609916036499,9.084110602094974,1.7235006860584745,23.415188492783702,1.7793900839635013,0.05588939790502678,-1.7235006860584745,True
F0915,3,17,84,9.14,9.084110602094974,11.541896778709603,2.457786176614629,27.05588124442051,0.05588939790502678,2.4018967787096024,2.3460073808045756,False
F0915,4,84,91,9.14,11.541896778709603,12.630628700063319,1.088731921353716,9.432868290435687,2.4018967787096024,3.4906287000633185,1.088731921353716,False
F0915,5,91,122,9.14,12.630628700063319,14.877582704486588,2.2469540044232694,17.78972415214775,3.4906287000633185,5.737582704486588,2.2469540044232694,False
F0915,6,122,207,9.14,14.877582704486588,15.167466096888417,0.28988339240182803,1.9484576100821054,5.737582704486588,6.027466096888416,0.28988339240182803,False
F0915,7,207,207,9.14,15.167466096888417,12.888709970438434,-2.2787561264499825,-15.023973759977391,6.027466096888416,3.7487099704384335,-2.2787561264499825,True
F0915,8,207,255,9.14,12.888709970438434,16.66056144754446,3.7718514771060256,29.264771150542995,3.7487099704384335,7.520561447544459,3.7718514771060256,False
F0915,9,255,263,9.14,16.66056144754446,15.779624766234372,-0.8809366813100876,-5.28755698950305,7.520561447544459,6.6396247662343715,-0.8809366813100876,True
F0884,1,25,27,11.41,10.824992781934977,9.830997502789051,-0.9939952791459259,-9.18241054908351,0.585007218065023,1.5790024972109489,0.9939952791459259,False
F0884,2,27,76,11.41,9.830997502789051,12.526122882510638,2.6951253797215866,27.41456682251196,1.5790024972109489,1.1161228825106377,-0.46287961470031114,True
F0884,3,76,90,11.41,12.526122882510638,12.833487543705711,0.30736466119507355,2.4537892856234524,1.1161228825106377,1.4234875437057113,0.30736466119507355,False
F0884,4,90,106,11.41,12.833487543705711,11.270560209028043,-1.5629273346776689,-12.17850821419326,1.4234875437057113,0.13943979097195758,-1.2840477527337537,True
F0884,5,106,126,11.41,11.270560209028043,13.24447153225,1.973911323221957,17.513870531837426,0.13943979097195758,1.8344715322499994,1.6950317412780418,False
F0884,6,126,135,11.41,13.24447153225,12.189299961360978,-1.055171570889021,-7.966883150601375,1.8344715322499994,0.7792999613609783,-1.055171570889021,True
F0884,7,135,148,11.41,12.189299961360978,13.829953772888445,1.640653811527466,13.459786999484761,0.7792999613609783,2.4199537728884444,1.640653811527466,False
F0884,8,148,172,11.41,13.829953772888445,14.126890121811671,0.29693634892322684,2.147052360401422,2.4199537728884444,2.716890121811671,0.29693634892322684,False
F0884,9,172,249,11.41,14.126890121811671,15.686590508630726,1.5597003868190544,11.040649239643368,2.716890121811671,4.276590508630726,1.5597003868190544,False
F0884,10,249,255,11.41,15.686590508630726,17.50513555442631,1.8185450457955845,11.592991127007652,4.276590508630726,6.09513555442631,1.8185450457955845,False
F0884,11,255,299,11.41,17.50513555442631,16.81936232168975,-0.6857732327365618,-3.917554540519731,6.09513555442631,5.409362321689748,-0.6857732327365618,True
F0678,1,6,14,8.21,9.594786400184272,9.812802407428006,0.21801600724373316,2.2722340878744944,1.3847864001842716,1.6028024074280047,0.21801600724373316,False
F0678,2,14,21,8.21,9.812802407428006,11.097065523973166,1.2842631165451603,13.087628418697298,1.6028024074280047,2.887065523973165,1.2842631165451603,False
F0678,3,21,22,8.21,11.097065523973166,10.56429958107604,-0.5327659428971252,-4.800962396285599,2.887065523973165,2.35429958107604,-0.5327659428971252,True
F0678,4,22,63,8.21,10.56429958107604,12.130945123586773,1.5666455425107326,14.82962055825342,2.35429958107604,3.9209451235867725,1.5666455425107326,False
F0678,5,63,97,8.21,12.130945123586773,13.077930061652529,0.9469849380657553,7.806357447157909,3.9209451235867725,4.867930061652528,0.9469849380657553,False
F0678,6,97,130,8.21,13.077930061652529,12.591628314073345,-0.48630174757918354,-3.7184917283288668,4.867930061652528,4.381628314073344,-0.48630174757918354,True
F0678,7,130,145,8.21,12.591628314073345,11.957293581460245,-0.6343347326130999,-5.037749819093055,4.381628314073344,3.7472935814602444,-0.6343347326130999,True
F0678,8,145,157,8.21,11.957293581460245,12.082840843091432,0.125547261631187,1.049963863276283,3.7472935814602444,3.8728408430914314,0.125547261631187,False
F0678,9,157,204,8.21,12.082840843091432,15.943664734594968,3.8608238915035358,31.952948330946747,3.8728408430914314,7.733664734594967,3.8608238915035358,False
F0678,10,204,215,8.21,15.943664734594968,17.158826576332757,1.215161841737789,7.621596803281369,7.733664734594967,8.948826576332756,1.215161841737789,False
F0678,11,215,246,8.21,17.158826576332757,16.845475488991656,-0.3133510873411005,-1.826180164168726,8.948826576332756,8.635475488991656,-0.3133510873411005,True
F0678,12,246,265,8.21,16.845475488991656,19.205911646194227,2.360436157202571,14.012285724704485,8.635475488991656,10.995911646194227,2.360436157202571,False
F0678,13,265,283,8.21,19.205911646194227,17.835942079668925,-1.3699695665253024,-7.133061901785696,10.995911646194227,9.625942079668924,-1.3699695665253024,True
F0378,1,58,105,9.14,9.700080514154447,12.581460519085013,2.8813800049305662,29.70470194269037,0.5600805141544463,3.4414605190850125,2.8813800049305662,False
F0378,2,105,192,9.14,12.581460519085013,11.166309971687138,-1.4151505473978752,-11.24790357408197,3.4414605190850125,2.0263099716871373,-1.4151505473978752,True
F0378,3,192,203,9.14,11.166309971687138,16.320216887791705,5.153906916104567,46.155864642595574,2.0263099716871373,7.180216887791705,5.153906916104567,False
F0378,4,203,217,9.14,16.320216887791705,16.735026068048786,0.41480918025708036,2.5416891399732395,7.180216887791705,7.595026068048785,0.41480918025708036,False
F0378,5,217,229,9.14,16.735026068048786,16.234988953315526,-0.5000371147332601,-2.9879673488405967,7.595026068048785,7.094988953315525,-0.5000371147332601,True
F0378,6,229,247,9.14,16.234988953315526,17.48666068575314,1.2516717324376145,7.709717179585743,7.094988953315525,8.34666068575314,1.2516717324376145,False
F0378,7,247,273,9.14,17.48666068575314,15.979838212890865,-1.5068224728622752,-8.616982395557802,8.34666068575314,6.839838212890864,-1.5068224728622752,True
F0741,1,8,15,9.0,9.272333984784826,8.823802328939546,-0.44853165584527943,-4.837311259293343,0.27233398478482584,0.1761976710604536,-0.09613631372437226,True
F0741,2,15,34,9.0,8.823802328939546,11.652883794496514,2.8290814655569676,32.06193158110977,0.1761976710604536,2.652883794496514,2.4766861234360604,False
F0741,3,34,47,9.0,11.652883794496514,12.099416701464412,0.4465329069678976,3.831951942906944,2.652883794496514,3.0994167014644116,0.4465329069678976,False
F0741,4,47,146,9.0,12.099416701464412,15.77262763634607,3.6732109348816575,30.358578644845608,3.0994167014644116,6.772627636346069,3.6732109348816575,False
F0741,5,146,176,9.0,15.77262763634607,14.834303963627459,-0.9383236727186102,-5.949063747351515,6.772627636346069,5.834303963627459,-0.9383236727186102,True
F0741,6,176,177,9.0,14.834303963627459,13.55975375188273,-1.2745502117447298,-8.591911119455462,5.834303963627459,4.559753751882729,-1.2745502117447298,True
F0741,7,177,191,9.0,13.55975375188273,17.215483228061608,3.6557294761788786,26.96014649728644,4.559753751882729,8.215483228061608,3.6557294761788786,False
F0741,8,191,241,9.0,17.215483228061608,17.825050073352386,0.6095668452907788,3.540805896735862,8.215483228061608,8.825050073352386,0.6095668452907788,False
F0741,9,241,260,9.0,17.825050073352386,17.431718590417496,-0.3933314829348902,-2.2066220364951583,8.825050073352386,8.431718590417496,-0.3933314829348902,True
F0741,10,260,275,9.0,17.431718590417496,17.887933991768847,0.45621540135135064,2.6171567593004843,8.431718590417496,8.887933991768847,0.45621540135135064,False
F0741,11,275,275,9.0,17.887933991768847,14.07872865612441,-3.809205335644437,-21.29483112693309,8.887933991768847,5.07872865612441,-3.809205335644437,True
F0741,12,275,277,9.0,14.07872865612441,17.979631015484006,3.9009023593595966,27.707774292976794,5.07872865612441,8.979631015484006,3.9009023593595966,False
F0975,1,19,20,9.68,10.309473200848544,9.422972344817136,-0.8865008560314074,-8.598895780227082,0.629473200848544,0.2570276551828634,-0.37244554566568056,True
F0975,2,20,78,9.68,9.422972344817136,10.913100127196742,1.4901277823796057,15.813776458754145,0.2570276551828634,1.2331001271967423,0.9760724720138789,False
F0975,3,78,109,9.68,10.913100127196742,13.191984097942612,2.27888397074587,20.882095318328663,1.2331001271967423,3.5119840979426122,2.27888397074587,False
F0975,4,109,154,9.68,13.191984097942612,16.48581125966738,3.293827161724767,24.968398515871954,3.5119840979426122,6.805811259667379,3.293827161724767,False
F0975,5,154,164,9.68,16.48581125966738,12.482143212445692,-4.003668047221687,-24.28553854074917,6.805811259667379,2.802143212445692,-4.003668047221687,True
F0975,6,164,175,9.68,12.482143212445692,13.040010334248679,0.5578671218029871,4.469321592519057,2.802143212445692,3.3600103342486793,0.5578671218029871,False
F0975,7,175,210,9.68,13.040010334248679,16.147054846089354,3.107044511840675,23.827009582041807,3.3600103342486793,6.467054846089354,3.107044511840675,False
F0975,8,210,265,9.68,16.147054846089354,17.016205699611074,0.8691508535217203,5.382720637331702,6.467054846089354,7.3362056996110745,0.8691508535217203,False
F0366,1,3,117,10.66,11.207584050822026,14.295054940870894,3.087470890048868,27.54805028495339,0.5475840508220262,3.6350549408708943,3.087470890048868,False
F0366,2,117,123,10.66,14.295054940870894,14.09831745850769,-0.1967374823632042,-1.37626251299471,3.6350549408708943,3.43831745850769,-0.1967374823632042,True
F0366,3,123,183,10.66,14.09831745850769,14.992660866952685,0.8943434084449944,6.343618031563753,3.43831745850769,4.3326608669526845,0.8943434084449944,False
F0366,4,183,190,10.66,14.992660866952685,14.106295484196865,-0.8863653827558196,-5.911995146302383,4.3326608669526845,3.446295484196865,-0.8863653827558196,True
F0366,5,190,191,10.66,14.106295484196865,12.060493235037445,-2.0458022491594203,-14.502760497618322,3.446295484196865,1.4004932350374446,-2.0458022491594203,True
F0366,6,191,207,10.66,12.060493235037445,15.121810313978647,3.0613170789412028,25.383017255443935,1.4004932350374446,4.461810313978647,3.0613170789412028,False
F0366,7,207,223,10.66,15.121810313978647,16.477490397001276,1.3556800830226283,8.96506473017608,4.461810313978647,5.817490397001276,1.3556800830226283,False
F0366,8,223,270,10.66,16.477490397001276,16.105949804862608,-0.3715405921386683,-2.254837254866704,5.817490397001276,5.445949804862607,-0.3715405921386683,True
F0366,9,270,283,10.66,16.105949804862608,16.01587071741875,-0.09007908744385773,-0.5592907499107045,5.445949804862607,5.35587071741875,-0.09007908744385773,True
F0322,1,42,46,11.91,11.773884315771246,8.842781141800186,-2.93110317397106,-24.894954760552686,0.13611568422875386,3.067218858199814,2.93110317397106,False
F0322,2,46,125,11.91,8.842781141800186,12.293879469567294,3.4510983277671077,39.02729551287463,3.067218858199814,0.3838794695672938,-2.68333938863252,True
F0322,3,125,181,11.91,12.293879469567294,15.146353746608597,2.8524742770413027,23.202393386907843,0.3838794695672938,3.2363537466085965,2.8524742770413027,False
F0322,4,181,186,11.91,15.146353746608597,16.68709695371856,1.540743207109962,10.172370412614642,3.2363537466085965,4.777096953718559,1.540743207109962,False
F0322,5,186,191,11.91,16.68709695371856,14.87721751241049,-1.8098794413080679,-10.845981456976874,4.777096953718559,2.9672175124104907,-1.8098794413080679,True
F0322,6,191,193,11.91,14.87721751241049,12.756997315949897,-2.1202201964605933,-14.251456595911954,2.9672175124104907,0.8469973159498974,-2.1202201964605933,True
F0322,7,193,221,11.91,12.756997315949897,16.617400378835953,3.8604030628860553,30.261063534594047,0.8469973159498974,4.707400378835953,3.8604030628860553,False
F0322,8,221,250,11.91,16.617400378835953,18.727278154593613,2.10987777575766,12.696798101132693,4.707400378835953,6.8172781545936125,2.10987777575766,False
F0322,9,250,281,11.91,18.727278154593613,15.395685475029357,-3.331592679564256,-17.79005284196652,6.8172781545936125,3.4856854750293564,-3.331592679564256,True
F0322,10,281,283,11.91,15.395685475029357,16.761270449062717,1.3655849740333608,8.8699199282048,3.4856854750293564,4.851270449062717,1.3655849740333608,False
F0714,1,2,37,9.33,9.509187778157205,8.05972820220648,-1.4494595759507245,-15.242727452287378,0.1791877781572051,1.2702717977935194,1.0910840196363143,False
F0714,2,37,44,9.33,8.05972820220648,11.21896537495624,3.1592371727497586,39.197812798263676,1.2702717977935194,1.8889653749562392,0.6186935771627198,False
F0714,3,44,96,9.33,11.21896537495624,11.536159036344968,0.3171936613887283,2.827298692772421,1.8889653749562392,2.2061590363449675,0.3171936613887283,False
F0714,4,96,110,9.33,11.536159036344968,12.31920333312072,0.7830442967757527,6.78773839983266,2.2061590363449675,2.98920333312072,0.7830442967757527,False
F0714,5,110,110,9.33,12.31920333312072,11.113054589001639,-1.2061487441190817,-9.790801495063384,2.98920333312072,1.7830545890016385,-1.2061487441190817,True
F0714,6,110,153,9.33,11.113054589001639,14.975129987313348,3.8620753983117098,34.75259990294591,1.7830545890016385,5.645129987313348,3.8620753983117098,False
F0714,7,153,162,9.33,14.975129987313348,12.002788894287523,-2.9723410930258254,-19.848516143391993,5.645129987313348,2.672788894287523,-2.9723410930258254,True
F0714,8,162,200,9.33,12.002788894287523,15.703753583364866,3.7009646890773436,30.834206297160993,2.672788894287523,6.373753583364866,3.7009646890773436,False
F0714,9,200,218,9.33,15.703753583364866,13.787500069425885,-1.9162535139389814,-12.202518995005669,6.373753583364866,4.457500069425885,-1.9162535139389814,True
F0714,10,218,220,9.33,13.787500069425885,16.32740510106925,2.5399050316433645,18.421795241007217,4.457500069425885,6.9974051010692495,2.5399050316433645,False
F0714,11,220,233,9.33,16.32740510106925,14.565242449085545,-1.7621626519837044,-10.792668161754031,6.9974051010692495,5.235242449085545,-1.7621626519837044,True
F0714,12,233,256,9.33,14.565242449085545,16.98175373626318,2.4165112871776344,16.590944473631822,5.235242449085545,7.65175373626318,2.4165112871776344,False
F0714,13,256,259,9.33,16.98175373626318,15.29374010661379,-1.6880136296493902,-9.940160809450274,7.65175373626318,5.963740106613789,-1.6880136296493902,True
F0714,14,259,282,9.33,15.29374010661379,18.81885182489694,3.5251117182831493,23.049376370392956,5.963740106613789,9.488851824896939,3.5251117182831493,False
F0500,1,111,132,12.75,13.03635330941075,12.458745253010933,-0.577608056399816,-4.430748712393744,0.28635330941074955,0.2912547469890665,0.004901437578316958,False
F0500,2,132,173,12.75,12.458745253010933,14.384702349469455,1.9259570964585215,15.458676273945574,0.2912547469890665,1.634702349469455,1.3434476024803885,False
F0500,3,173,176,12.75,14.384702349469455,14.471339537672621,0.08663718820316646,0.6022869719397556,1.634702349469455,1.7213395376726215,0.08663718820316646,False
F0500,4,176,183,12.75,14.471339537672621,14.427962920660402,-0.0433766170122194,-0.2997415470717061,1.7213395376726215,1.677962920660402,-0.0433766170122194,True
F0500,5,183,183,12.75,14.427962920660402,15.252466486426034,0.8245035657656317,5.714622156291847,1.677962920660402,2.5024664864260338,0.8245035657656317,False
F0500,6,183,189,12.75,15.252466486426034,15.061435918801354,-0.1910305676246793,-1.2524568914456384,2.5024664864260338,2.3114359188013545,-0.1910305676246793,True
F0500,7,189,212,12.75,15.061435918801354,16.561612997037916,1.500177078236561,9.960385492620087,2.3114359188013545,3.8116129970379156,1.500177078236561,False
F0500,8,212,249,12.75,16.561612997037916,18.10002744387134,1.5384144468334249,9.289037529789967,3.8116129970379156,5.35002744387134,1.5384144468334249,False
F0500,9,249,254,12.75,18.10002744387134,15.65448867257613,-2.44553877129521,-13.51124344357427,5.35002744387134,2.9044886725761305,-2.44553877129521,True
F0500,10,254,274,12.75,15.65448867257613,16.06252156102035,0.4080328884442199,2.6064913200200572,2.9044886725761305,3.3125215610203504,0.4080328884442199,False
F0500,11,274,275,12.75,16.06252156102035,17.161016194237497,1.0984946332171468,6.838867914007435,3.3125215610203504,4.411016194237497,1.0984946332171468,False
F0500,12,275,290,12.75,17.161016194237497,19.562407703351973,2.4013915091144753,13.993294347690433,4.411016194237497,6.8124077033519725,2.4013915091144753,False
F0500,13,290,300,12.75,19.562407703351973,16.77382506327857,-2.788582640073404,-14.254802795034207,6.8124077033519725,4.023825063278569,-2.788582640073404,True
F0754,1,9,28,9.3,9.858765303554597,9.115486014978828,-0.7432792885757689,-7.539273587411379,0.5587653035545959,0.184513985021173,-0.37425131853342286,True
F0754,2,28,31,9.3,9.115486014978828,9.029107122080564,-0.08637889289826362,-0.9476060053882299,0.184513985021173,0.2708928779194366,0.08637889289826362,False
F0754,3,31,110,9.3,9.029107122080564,12.616720395707135,3.5876132736265713,39.73386543230958,0.2708928779194366,3.3167203957071347,3.045827517787698,False
F0754,4,110,286,9.3,12.616720395707135,14.602069151608223,1.9853487559010876,15.735854434696092,3.3167203957071347,5.302069151608222,1.9853487559010876,False
F0900,1,58,84,10.17,11.592952038803025,11.839430010843461,0.2464779720404362,2.1261018868657815,1.4229520388030252,1.6694300108434614,0.2464779720404362,False
F0900,2,84,113,10.17,11.839430010843461,14.7586177337288,2.9191877228853382,24.656488700990852,1.6694300108434614,4.5886177337288,2.9191877228853382,False
F0900,3,113,214,10.17,14.7586177337288,15.805177122062087,1.0465593883332875,7.091174845876788,4.5886177337288,5.635177122062087,1.0465593883332875,False
F0900,4,214,215,10.17,15.805177122062087,16.620633921136765,0.8154567990746777,5.1594284124560685,5.635177122062087,6.450633921136765,0.8154567990746777,False
F0900,5,215,238,10.17,16.620633921136765,15.120213298998847,-1.5004206221379182,-9.027457251373582,6.450633921136765,4.950213298998847,-1.5004206221379182,True
F0900,6,238,241,10.17,15.120213298998847,17.00181165804378,1.8815983590449346,12.444258039465096,4.950213298998847,6.831811658043781,1.8815983590449346,False
F0900,7,241,278,10.17,17.00181165804378,18.299041113520175,1.2972294554763941,7.629948393544623,6.831811658043781,8.129041113520175,1.2972294554763941,False
F0900,8,278,283,10.17,18.299041113520175,16.519665724875427,-1.7793753886447483,-9.72387229257638,8.129041113520175,6.349665724875427,-1.7793753886447483,True
F0900,9,283,290,10.17,16.519665724875427,18.33217536086586,1.812509635990434,10.971829976324186,6.349665724875427,8.162175360865861,1.812509635990434,False
F0894,1,23,26,11.99,11.830254395165552,9.066703612666998,-2.7635507824985535,-23.360028366151468,0.15974560483444833,2.923296387333002,2.7635507824985535,False
F0894,2,26,29,11.99,9.066703612666998,10.776823605356629,1.7101199926896307,18.86154070703756,2.923296387333002,1.2131763946433711,-1.7101199926896307,True
F0894,3,29,140,11.99,10.776823605356629,13.726304160802917,2.9494805554462875,27.368737426306634,1.2131763946433711,1.7363041608029164,0.5231277661595453,False
F0894,4,140,146,11.99,13.726304160802917,12.046366580783273,-1.6799375800196437,-12.23881942538403,1.7363041608029164,0.056366580783272724,-1.6799375800196437,True
F0894,5,146,198,11.99,12.046366580783273,15.779631035237102,3.7332644544538294,30.99079236397509,0.056366580783272724,3.789631035237102,3.7332644544538294,False
F0894,6,198,209,11.99,15.779631035237102,12.02063080679749,-3.7590002284396125,-23.821851221017035,3.789631035237102,0.03063080679748964,-3.7590002284396125,True
F0894,7,209,220,11.99,12.02063080679749,16.973329433573095,4.9526986267756055,41.20165327742141,0.03063080679748964,4.983329433573095,4.9526986267756055,False
F0894,8,220,224,11.99,16.973329433573095,16.38651789243404,-0.5868115411390562,-3.4572565355289,4.983329433573095,4.396517892434039,-0.5868115411390562,True
F0894,9,224,282,11.99,16.38651789243404,15.561760178013365,-0.8247577144206737,-5.033148102816155,4.396517892434039,3.571760178013365,-0.8247577144206737,True
F0077,1,15,61,10.58,10.72651960629832,8.879720911267432,-1.8467986950308877,-17.21712878748199,0.14651960629831962,1.700279088732568,1.5537594824342484,False
F0077,2,61,68,10.58,8.879720911267432,11.956774125988188,3.077053214720756,34.65258925892929,1.700279088732568,1.376774125988188,-0.32350496274438,True
F0077,3,68,139,10.58,11.956774125988188,12.526445907091125,0.5696717811029366,4.764427052818103,1.376774125988188,1.9464459070911246,0.5696717811029366,False
F0077,4,139,188,10.58,12.526445907091125,14.837507204835795,2.3110612977446703,18.44945737111591,1.9464459070911246,4.257507204835795,2.3110612977446703,False
F0077,5,188,208,10.58,14.837507204835795,15.98910409258265,1.1515968877468552,7.761390588383541,4.257507204835795,5.40910409258265,1.1515968877468552,False
F0159,1,56,61,8.42,8.85783786094099,10.566017092559097,1.7081792316181073,19.284381340399058,0.43783786094098964,2.146017092559097,1.7081792316181073,False
F0159,2,61,84,8.42,10.566017092559097,10.5067828919174,-0.05923420064169704,-0.5606104942174619,2.146017092559097,2.0867828919174,-0.05923420064169704,True
F0159,3,84,115,8.42,10.5067828919174,13.542449763948687,3.035666872031287,28.8924488424192,2.0867828919174,5.122449763948687,3.035666872031287,False
F0159,4,115,119,8.42,13.542449763948687,12.540408641284374,-1.0020411226643127,-7.399260400668742,5.122449763948687,4.120408641284374,-1.0020411226643127,True
F0159,5,119,121,8.42,12.540408641284374,11.849454292999077,-0.6909543482852971,-5.509823228651426,4.120408641284374,3.4294542929990772,-0.6909543482852971,True
F0159,6,121,129,8.42,11.849454292999077,13.908189037837044,2.0587347448379667,17.374089084037507,3.4294542929990772,5.488189037837044,2.0587347448379667,False
F0159,7,129,149,8.42,13.908189037837044,11.4439148331384,-2.4642742046986434,-17.718152938492697,5.488189037837044,3.0239148331384005,-2.4642742046986434,True
F0159,8,149,252,8.42,11.4439148331384,17.935004781595232,6.491089948456832,56.720886541906424,3.0239148331384005,9.515004781595232,6.491089948456832,False
F0245,1,3,4,7.68,7.7375090805610665,8.468727824842556,0.7312187442814899,9.45031193719087,0.05750908056106674,0.7887278248425567,0.7312187442814899,False
F0245,2,4,27,7.68,8.468727824842556,7.533320328549663,-0.9354074962928935,-11.045431092364618,0.7887278248425567,0.1466796714503369,-0.6420481533922198,True
F0245,3,27,36,7.68,7.533320328549663,10.450697895344483,2.91737756679482,38.72631773984955,0.1466796714503369,2.770697895344483,2.6240182238941463,False
F0245,4,36,58,7.68,10.450697895344483,11.582797696719197,1.1320998013747143,10.832767464066066,2.770697895344483,3.9027976967191975,1.1320998013747143,False
F0245,5,58,119,7.68,11.582797696719197,13.841271220126321,2.2584735234071243,19.498514802229792,3.9027976967191975,6.161271220126322,2.2584735234071243,False
F0245,6,119,122,7.68,13.841271220126321,13.86001486359718,0.018743643470857663,0.1354185115858643,6.161271220126322,6.180014863597179,0.018743643470857663,False
F0245,7,122,135,7.68,13.86001486359718,13.355475219813432,-0.5045396437837475,-3.640253266314327,6.180014863597179,5.675475219813432,-0.5045396437837475,True
F0245,8,135,160,7.68,13.355475219813432,11.283862796655978,-2.071612423157454,-15.511334408259216,5.675475219813432,3.603862796655978,-2.071612423157454,True
F0245,9,160,165,7.68,11.283862796655978,13.70517380320543,2.421311006549452,21.458174830582113,3.603862796655978,6.02517380320543,2.421311006549452,False
F0245,10,165,180,7.68,13.70517380320543,16.050769992352635,2.345596189147205,17.114676711349738,6.02517380320543,8.370769992352635,2.345596189147205,False
F0245,11,180,259,7.68,16.050769992352635,16.77311432114902,0.7223443287963853,4.500371814813527,8.370769992352635,9.09311432114902,0.7223443287963853,False
F0245,12,259,265,7.68,16.77311432114902,13.785934280899143,-2.9871800402498767,-17.80933452819419,9.09311432114902,6.1059342808991435,-2.9871800402498767,True
F0079,1,24,28,10.83,9.953176327288721,10.43895195396403,0.48577562667530927,4.880609070929985,0.8768236727112786,0.3910480460359693,-0.48577562667530927,True
F0079,2,28,58,10.83,10.43895195396403,9.559494270286464,-0.8794576836775665,-8.424769915179137,0.3910480460359693,1.2705057297135358,0.8794576836775665,False
F0079,3,58,157,10.83,9.559494270286464,13.446370271609558,3.8868760013230936,40.65984968895868,1.2705057297135358,2.616370271609558,1.345864541896022,False
F0079,4,157,177,10.83,13.446370271609558,16.17366873405916,2.7272984624496015,20.28278566899183,2.616370271609558,5.343668734059159,2.7272984624496015,False
F0079,5,177,216,10.83,16.17366873405916,16.095240584493258,-0.0784281495659016,-0.48491255048858806,5.343668734059159,5.265240584493258,-0.0784281495659016,True
F0079,6,216,254,10.83,16.095240584493258,17.31996785914501,1.2247272746517517,7.609251121301651,5.265240584493258,6.489967859145009,1.2247272746517517,False
F0079,7,254,259,10.83,17.31996785914501,14.667926566042075,-2.6520412931029345,-15.312045118505496,6.489967859145009,3.837926566042075,-2.6520412931029345,True
F0426,1,6,69,9.03,8.75699009754116,11.257876628673362,2.5008865311322026,28.558745679459165,0.27300990245884016,2.2278766286733624,1.9548667262145223,False
F0426,2,69,79,9.03,11.257876628673362,9.602333476422082,-1.6555431522512798,-14.705643052035919,2.2278766286733624,0.5723334764220827,-1.6555431522512798,True
F0426,3,79,132,9.03,9.602333476422082,9.562074559926645,-0.04025891649543745,-0.41926180333447755,0.5723334764220827,0.5320745599266452,-0.04025891649543745,True
F0426,4,132,135,9.03,9.562074559926645,13.765887402301411,4.2038128423747665,43.96339744088982,0.5320745599266452,4.735887402301412,4.2038128423747665,False
F0426,5,135,219,9.03,13.765887402301411,15.646088878378132,1.8802014760767207,13.658410977285667,4.735887402301412,6.616088878378132,1.8802014760767207,False
F0426,6,219,265,9.03,15.646088878378132,19.28753917608251,3.6414502977043792,23.273869437982196,6.616088878378132,10.257539176082512,3.6414502977043792,False
F0426,7,265,276,9.03,19.28753917608251,17.83372852352597,-1.453810652556541,-7.537564223637908,10.257539176082512,8.80372852352597,-1.453810652556541,True
F0426,8,276,292,9.03,17.83372852352597,16.909963571057823,-0.9237649524681473,-5.17987560060439,8.80372852352597,7.879963571057823,-0.9237649524681473,True
F0768,1,89,91,12.01,12.285840437967464,12.866904828397095,0.5810643904296313,4.729545311641383,0.2758404379674637,0.856904828397095,0.5810643904296313,False
F0768,2,91,96,12.01,12.866904828397095,11.992828731972955,-0.8740760964241403,-6.793211794767188,0.856904828397095,0.017171268027045272,-0.8397335603700498,True
F0768,3,96,118,12.01,11.992828731972955,12.794446897254474,0.8016181652815195,6.684145860804304,0.017171268027045272,0.7844468972544743,0.767275629227429,False
F0768,4,118,159,12.01,12.794446897254474,12.493098620663782,-0.3013482765906925,-2.3553052274214217,0.7844468972544743,0.48309862066378173,-0.3013482765906925,True
F0768,5,159,209,12.01,12.493098620663782,14.799085978772547,2.3059873581087658,18.458089767214567,0.48309862066378173,2.7890859787725475,2.3059873581087658,False
F0768,6,209,232,12.01,14.799085978772547,14.715835335131118,-0.08325064364142953,-0.562539090325188,2.7890859787725475,2.705835335131118,-0.08325064364142953,True
F0768,7,232,270,12.01,14.715835335131118,17.33307828108307,2.6172429459519506,17.785214949394042,2.705835335131118,5.323078281083069,2.6172429459519506,False
F0768,8,270,292,12.01,17.33307828108307,20.112546363623807,2.7794680825407383,16.035628740996266,5.323078281083069,8.102546363623807,2.7794680825407383,False
F0543,1,13,51,10.21,10.908072348073912,12.4739649741855,1.565892626111589,14.3553560715802,0.6980723480739108,2.2639649741855,1.565892626111589,False
F0543,2,51,55,10.21,12.4739649741855,8.821956838767159,-3.652008135418342,-29.277043369739005,2.2639649741855,1.3880431612328419,-0.875921812952658,True
F0543,3,55,83,10.21,8.821956838767159,10.29658345950995,1.4746266207427912,16.715414138762274,1.3880431612328419,0.08658345950994928,-1.3014597017228926,True
F0543,4,83,126,10.21,10.29658345950995,13.165236076379063,2.868652616869113,27.8602376035676,0.08658345950994928,2.9552360763790624,2.868652616869113,False
F0543,5,126,131,10.21,13.165236076379063,13.073900229120005,-0.09133584725905841,-0.6937653584726239,2.9552360763790624,2.863900229120004,-0.09133584725905841,True
F0543,6,131,145,10.21,13.073900229120005,12.09462932596457,-0.9792709031554345,-7.4902736443885845,2.863900229120004,1.8846293259645694,-0.9792709031554345,True
F0543,7,145,181,10.21,12.09462932596457,16.19923435628034,4.104605030315769,33.93741899558727,1.8846293259645694,5.989234356280338,4.104605030315769,False
F0543,8,181,182,10.21,16.19923435628034,15.321490040339391,-0.8777443159409479,-5.418430875411417,5.989234356280338,5.11149004033939,-0.8777443159409479,True
F0543,9,182,185,10.21,15.321490040339391,16.677164915342164,1.355674875002773,8.848192123830424,5.11149004033939,6.467164915342163,1.355674875002773,False
F0543,10,185,262,10.21,16.677164915342164,16.602089118719974,-0.07507579662219044,-0.45017121916881947,6.467164915342163,6.392089118719973,-0.07507579662219044,True
F0543,11,262,300,10.21,16.602089118719974,17.434578918948084,0.8324898002281103,5.014367735741292,6.392089118719973,7.224578918948083,0.8324898002281103,False
F0543,12,300,300,10.21,17.434578918948084,17.46760846997557,0.03302955102748584,0.18944851596954243,7.224578918948083,7.257608469975569,0.03302955102748584,False
F0102,1,20,81,8.37,8.122648673266792,13.396357237235868,5.273708563969077,64.92597151623549,0.2473513267332077,5.026357237235869,4.779005910502661,False
F0102,2,81,141,8.37,13.396357237235868,11.531471001783043,-1.8648862354528255,-13.920845812242732,5.026357237235869,3.1614710017830436,-1.8648862354528255,True
F0102,3,141,147,8.37,11.531471001783043,11.739444257967241,0.20797325618419826,1.803527547804097,3.1614710017830436,3.369444257967242,0.20797325618419826,False
F0102,4,147,182,8.37,11.739444257967241,15.734380492516639,3.9949362345493977,34.030028566626086,3.369444257967242,7.36438049251664,3.9949362345493977,False
F0102,5,182,189,8.37,15.734380492516639,15.69857207695601,-0.03580841556062886,-0.22758071458650406,7.36438049251664,7.328572076956011,-0.03580841556062886,True
F0102,6,189,207,8.37,15.69857207695601,15.719906925692541,0.021334848736531242,0.13590311674173694,7.328572076956011,7.349906925692542,0.021334848736531242,False
F0102,7,207,213,8.37,15.719906925692541,14.585441024746256,-1.1344659009462852,-7.216746933101235,7.349906925692542,6.215441024746257,-1.1344659009462852,True
F0102,8,213,243,8.37,14.585441024746256,16.059019801131228,1.4735787763849721,10.103080008926971,6.215441024746257,7.689019801131229,1.4735787763849721,False
F0102,9,243,245,8.37,16.059019801131228,16.19347321617109,0.13445341503986086,0.837245465195763,7.689019801131229,7.82347321617109,0.13445341503986086,False
F0102,10,245,254,8.37,16.19347321617109,13.907588167838849,-2.28588504833224,-14.116088734129715,7.82347321617109,5.53758816783885,-2.28588504833224,True
F0102,11,254,298,8.37,13.907588167838849,17.149867044355144,3.242278876516295,23.3130204704654,5.53758816783885,8.779867044355145,3.242278876516295,False
F0523,1,12,28,10.41,10.526867122411366,10.528045974584003,0.00117885217263769,0.011198509099900682,0.11686712241136554,0.11804597458400323,0.00117885217263769,False
F0523,2,28,39,10.41,10.528045974584003,10.881193731802135,0.35314775721813163,3.3543523467761607,0.11804597458400323,0.47119373180213486,0.35314775721813163,False
F0523,3,39,43,10.41,10.881193731802135,9.315294316051048,-1.5658994157510868,-14.390878926955232,0.47119373180213486,1.094705683948952,0.6235119521468171,False
F0523,4,43,51,10.41,9.315294316051048,9.491188504966905,0.17589418891585673,1.8882300757022352,1.094705683948952,0.9188114950330952,-0.17589418891585673,True
F0523,5,51,77,10.41,9.491188504966905,9.09344084161636,-0.397747663350545,-4.19070449546331,0.9188114950330952,1.3165591583836402,0.397747663350545,False
F0523,6,77,94,10.41,9.09344084161636,13.424309587358774,4.330868745742414,47.62629263415983,1.3165591583836402,3.014309587358774,1.6977504289751337,False
F0523,7,94,175,10.41,13.424309587358774,15.75256255248339,2.3282529651246158,17.34355834073623,3.014309587358774,5.34256255248339,2.3282529651246158,False
F0523,8,175,248,10.41,15.75256255248339,16.70583428945867,0.9532717369752817,6.051534369720681,5.34256255248339,6.295834289458671,0.9532717369752817,False
F0590,1,12,13,12.24,11.479436319707377,10.131604424256636,-1.3478318954507404,-11.74127246245396,0.7605636802926234,2.108395575743364,1.3478318954507404,False
F0590,2,13,46,12.24,10.131604424256636,11.420420669722498,1.2888162454658616,12.720751733854069,2.108395575743364,0.8195793302775023,-1.2888162454658616,True
F0590,3,46,67,12.24,11.420420669722498,12.042613946506636,0.622193276784138,5.448076693301497,0.8195793302775023,0.19738605349336424,-0.622193276784138,True
F0590,4,67,204,12.24,12.042613946506636,15.6520120469223,3.609398100415664,29.971882487046685,0.19738605349336424,3.4120120469222996,3.2146259934289354,False
F0590,5,204,226,12.24,15.6520120469223,15.00649831357968,-0.6455137333426197,-4.124158168339443,3.4120120469222996,2.76649831357968,-0.6455137333426197,True
F0590,6,226,231,12.24,15.00649831357968,15.67335781813717,0.6668595045574897,4.443804881209597,2.76649831357968,3.4333578181371696,0.6668595045574897,False
F0590,7,231,248,12.24,15.67335781813717,16.664231114838532,0.9908732967013627,6.322023067416521,3.4333578181371696,4.424231114838532,0.9908732967013627,False
F0590,8,248,250,12.24,16.664231114838532,16.811328821660364,0.14709770682183176,0.8827152348532288,4.424231114838532,4.571328821660364,0.14709770682183176,False
F0590,9,250,255,12.24,16.811328821660364,14.633481277769478,-2.177847543890886,-12.954642473501934,4.571328821660364,2.393481277769478,-2.177847543890886,True
F0590,10,255,300,12.24,14.633481277769478,18.122809777310888,3.4893284995414096,23.84482839939283,2.393481277769478,5.882809777310888,3.4893284995414096,False
F0824,1,32,41,9.0,8.968678080946198,11.874272008087718,2.9055939271415205,32.39712587426239,0.031321919053802105,2.8742720080877184,2.8429500890339163,False
F0824,2,41,86,9.0,11.874272008087718,11.994970444288377,0.12069843620065868,1.0164701980757171,2.8742720080877184,2.994970444288377,0.12069843620065868,False
F0824,3,86,137,9.0,11.994970444288377,14.995055863578074,3.0000854192896966,25.011194760536004,2.994970444288377,5.995055863578074,3.0000854192896966,False
F0824,4,137,144,9.0,14.995055863578074,13.689189200965204,-1.3058666626128694,-8.708648200402687,5.995055863578074,4.689189200965204,-1.3058666626128694,True
F0824,5,144,169,9.0,13.689189200965204,13.346501566627868,-0.3426876343373362,-2.503345006826071,4.689189200965204,4.346501566627868,-0.3426876343373362,True
F0824,6,169,187,9.0,13.346501566627868,16.732169969321955,3.385668402694087,25.367459673175695,4.346501566627868,7.732169969321955,3.385668402694087,False
F0824,7,187,195,9.0,16.732169969321955,14.647539505470718,-2.084630463851237,-12.45881716282681,7.732169969321955,5.647539505470718,-2.084630463851237,True
F0824,8,195,216,9.0,14.647539505470718,16.449109074673167,1.8015695692024494,12.299468921244964,5.647539505470718,7.449109074673167,1.8015695692024494,False
F0824,9,216,250,9.0,16.449109074673167,15.790815894060259,-0.6582931806129082,-4.00199899960836,7.449109074673167,6.790815894060259,-0.6582931806129082,True
F0824,10,250,269,9.0,15.790815894060259,19.174552192828955,3.383736298768696,21.428508327055436,6.790815894060259,10.174552192828955,3.383736298768696,False
F0300,1,18,21,9.55,10.143656829926352,9.538358350648954,-0.6052984792773977,-5.967261012730775,0.5936568299263509,0.011641649351046723,-0.5820151805753042,True
F0300,2,21,50,9.55,9.538358350648954,10.639233689262433,1.1008753386134789,11.541559859077632,0.011641649351046723,1.0892336892624321,1.0775920399113854,False
F0300,3,50,54,9.55,10.639233689262433,11.880710989147804,1.2414772998853714,11.66886014674462,1.0892336892624321,2.3307109891478035,1.2414772998853714,False
F0300,4,54,80,9.55,11.880710989147804,11.424715448654926,-0.4559955404928786,-3.838116598488075,2.3307109891478035,1.874715448654925,-0.4559955404928786,True
F0300,5,80,144,9.55,11.424715448654926,13.681969888121175,2.2572544394662497,19.757642539202187,1.874715448654925,4.131969888121175,2.2572544394662497,False
F0300,6,144,193,9.55,13.681969888121175,15.826071843797521,2.144101955676346,15.671003321954954,4.131969888121175,6.276071843797521,2.144101955676346,False
F0300,7,193,270,9.55,15.826071843797521,16.646221689321493,0.8201498455239715,5.182270456110691,6.276071843797521,7.096221689321492,0.8201498455239715,False
F0300,8,270,276,9.55,16.646221689321493,17.665617115846686,1.0193954265251932,6.123884720213312,7.096221689321492,8.115617115846685,1.0193954265251932,False
F0300,9,276,282,9.55,17.665617115846686,19.039341482500895,1.3737243666542085,7.77626027806257,8.115617115846685,9.489341482500894,1.3737243666542085,False
F0011,1,22,26,10.33,10.03440807209817,10.550988747532626,0.5165806754344562,5.148093158288712,0.29559192790183,0.2209887475326262,-0.07460318036920377,True
F0011,2,26,35,10.33,10.550988747532626,10.261105354496003,-0.28988339303662336,-2.7474523949654794,0.2209887475326262,0.06889464550399715,-0.15209410202862905,True
F0011,3,35,183,10.33,10.261105354496003,13.891218887591123,3.6301135330951197,35.377412156718094,0.06889464550399715,3.5612188875911226,3.4923242420871254,False
F0011,4,183,192,10.33,13.891218887591123,17.312162286810654,3.4209433992195315,24.626661108014243,3.5612188875911226,6.982162286810654,3.4209433992195315,False
F0011,5,192,199,10.33,17.312162286810654,17.166847626543472,-0.1453146602671822,-0.8393790322650267,6.982162286810654,6.836847626543472,-0.1453146602671822,True
F0011,6,199,297,10.33,17.166847626543472,19.60280782246252,2.4359601959190478,14.18990981286834,6.836847626543472,9.27280782246252,2.4359601959190478,False
F0412,1,13,29,9.14,9.896485692596823,10.730124250864481,0.8336385582676584,8.423581705284242,0.7564856925968222,1.5901242508644806,0.8336385582676584,False
F0412,2,29,64,9.14,10.730124250864481,10.836899720680577,0.10677546981609609,0.9951000316468249,1.5901242508644806,1.6968997206805767,0.10677546981609609,False
F0412,3,64,150,9.14,10.836899720680577,14.354404391175478,3.517504670494901,32.45858835237054,1.6968997206805767,5.214404391175478,3.517504670494901,False
F0412,4,150,171,9.14,14.354404391175478,14.223710208252074,-0.1306941829234045,-0.9104814059979399,5.214404391175478,5.083710208252073,-0.1306941829234045,True
F0412,5,171,172,9.14,14.223710208252074,15.661690951429206,1.4379807431771319,10.109744378389179,5.083710208252073,6.521690951429205,1.4379807431771319,False
F0412,6,172,173,9.14,15.661690951429206,13.34198950302994,-2.3197014483992664,-14.811309044427176,6.521690951429205,4.201989503029939,-2.3197014483992664,True
F0412,7,173,208,9.14,13.34198950302994,12.407247229976907,-0.9347422730530326,-7.006018651421922,4.201989503029939,3.267247229976906,-0.9347422730530326,True
F0412,8,208,241,9.14,12.407247229976907,14.401697565856153,1.9944503358792467,16.074881872753323,3.267247229976906,5.261697565856153,1.9944503358792467,False
F0412,9,241,255,9.14,14.401697565856153,16.367779284868213,1.9660817190120596,13.651735915308258,5.261697565856153,7.2277792848682125,1.9660817190120596,False
F0412,10,255,283,9.14,16.367779284868213,18.125320930199273,1.7575416453310595,10.737813693247212,7.2277792848682125,8.985320930199272,1.7575416453310595,False
F0412,11,283,295,9.14,18.125320930199273,19.752248157442164,1.6269272272428914,8.975991285937495,8.985320930199272,10.612248157442163,1.6269272272428914,False
F0433,1,24,27,11.38,11.33659424394531,9.967010418626874,-1.3695838253184363,-12.081087104708795,0.04340575605469077,1.412989581373127,1.3695838253184363,False
F0433,2,27,65,11.38,9.967010418626874,12.103291570728206,2.1362811521013327,21.43351980558722,1.412989581373127,0.7232915707282057,-0.6896980106449213,True
F0433,3,65,108,11.38,12.103291570728206,13.08233409447203,0.9790425237438232,8.089060054635354,0.7232915707282057,1.7023340944720289,0.9790425237438232,False
F0433,4,108,116,11.38,13.08233409447203,14.581333207714055,1.498999113242025,11.458193181868292,1.7023340944720289,3.201333207714054,1.498999113242025,False
F0433,5,116,132,11.38,14.581333207714055,14.112642665776129,-0.46869054193792614,-3.2143188504187794,3.201333207714054,2.732642665776128,-0.46869054193792614,True
F0433,6,132,189,11.38,14.112642665776129,16.550213638686103,2.437570972909974,17.2722503547915,2.732642665776128,5.170213638686102,2.437570972909974,False
F0433,7,189,199,11.38,16.550213638686103,16.36412067210195,-0.18609296658415175,-1.1244142864063076,5.170213638686102,4.98412067210195,-0.18609296658415175,True
F0433,8,199,253,11.38,16.36412067210195,15.075984251211796,-1.2881364208901545,-7.871711818198753,4.98412067210195,3.6959842512117955,-1.2881364208901545,True
F0433,9,253,289,11.38,15.075984251211796,18.299757228134382,3.223772976922586,21.3834992343101,3.6959842512117955,6.919757228134381,3.223772976922586,False
F0986,1,9,85,9.96,9.189185364485823,12.74208764922301,3.5529022847371863,38.66395272064454,0.7708146355141778,2.7820876492230084,2.0112730137088306,False
F0986,2,85,91,9.96,12.74208764922301,11.180418340620829,-1.5616693086021805,-12.255992515460434,2.7820876492230084,1.220418340620828,-1.5616693086021805,True
F0986,3,91,93,9.96,11.180418340620829,11.940342919407202,0.7599245787863733,6.796924369327097,1.220418340620828,1.9803429194072013,0.7599245787863733,False
F0986,4,93,98,9.96,11.940342919407202,12.149215199762345,0.20887228035514305,1.7492988414566641,1.9803429194072013,2.1892151997623444,0.20887228035514305,False
F0986,5,98,153,9.96,12.149215199762345,14.79587172099961,2.646656521237265,21.78458836821853,2.1892151997623444,4.835871720999609,2.646656521237265,False
F0986,6,153,177,9.96,14.79587172099961,16.533279136106938,1.7374074151073273,11.742514722139994,4.835871720999609,6.573279136106937,1.7374074151073273,False
F0986,7,177,231,9.96,16.533279136106938,15.977791697671975,-0.5554874384349624,-3.359814068715724,6.573279136106937,6.017791697671974,-0.5554874384349624,True
F0986,8,231,268,9.96,15.977791697671975,15.696334447979607,-0.28145724969236774,-1.7615528792591353,6.017791697671974,5.736334447979607,-0.28145724969236774,True
F0986,9,268,284,9.96,15.696334447979607,19.321593909114984,3.625259461135377,23.09621697441603,5.736334447979607,9.361593909114983,3.625259461135377,False
F0645,1,15,18,11.04,10.59264431760716,8.150264491482588,-2.442379826124572,-23.057319333047303,0.44735568239283907,2.8897355085174112,2.442379826124572,False
F0645,2,18,72,11.04,8.150264491482588,11.67917220372289,3.5289077122403025,43.298075981806214,2.8897355085174112,0.6391722037228913,-2.25056330479452,True
F0645,3,72,136,11.04,11.67917220372289,14.272323246347632,2.5931510426247417,22.20320924626953,0.6391722037228913,3.232323246347633,2.5931510426247417,False
F0645,4,136,155,11.04,14.272323246347632,15.478772351210537,1.2064491048629051,8.453067409131462,3.232323246347633,4.438772351210538,1.2064491048629051,False
F0645,5,155,155,11.04,15.478772351210537,14.082030143222454,-1.3967422079880834,-9.023598101298061,4.438772351210538,3.042030143222455,-1.3967422079880834,True
F0645,6,155,233,11.04,14.082030143222454,16.088521022617336,2.0064908793948817,14.24859099851158,3.042030143222455,5.0485210226173365,2.0064908793948817,False
F0645,7,233,250,11.04,16.088521022617336,15.744213033099804,-0.3443079895175316,-2.140084778666115,5.0485210226173365,4.704213033099805,-0.3443079895175316,True
F0866,1,41,42,11.91,11.34127447818797,11.210043016350438,-0.13123146183753143,-1.1571138860092087,0.5687255218120306,0.699956983649562,0.13123146183753143,False
F0866,2,42,78,11.91,11.210043016350438,11.592143178635046,0.3821001622846083,3.4085521503110656,0.699956983649562,0.31785682136495375,-0.3821001622846083,True
F0866,3,78,101,11.91,11.592143178635046,12.757298291337019,1.1651551127019726,10.051248459813861,0.31785682136495375,0.8472982913370188,0.5294414699720651,False
F0866,4,101,110,11.91,12.757298291337019,14.471259013610112,1.713960722273093,13.435138719277079,0.8472982913370188,2.561259013610112,1.713960722273093,False
F0866,5,110,157,11.91,14.471259013610112,13.224330228434479,-1.2469287851756334,-8.616588121343872,2.561259013610112,1.3143302284344784,-1.2469287851756334,True
F0866,6,157,163,11.91,13.224330228434479,14.716275070004961,1.4919448415704828,11.281817799456919,1.3143302284344784,2.8062750700049612,1.4919448415704828,False
F0866,7,163,174,11.91,14.716275070004961,15.7840277968123,1.0677527268073383,7.25559098160414,2.8062750700049612,3.8740277968122996,1.0677527268073383,False
F0866,8,174,217,11.91,15.7840277968123,16.176667654398866,0.39263985758656617,2.487577078810408,3.8740277968122996,4.266667654398866,0.39263985758656617,False
F0866,9,217,269,11.91,16.176667654398866,17.69277275279629,1.516105098397425,9.372171888473927,4.266667654398866,5.782772752796291,1.516105098397425,False
F0866,10,269,299,11.91,17.69277275279629,18.70618188940659,1.0134091366102993,5.727814123708411,5.782772752796291,6.79618188940659,1.0134091366102993,False
F0866,11,299,300,11.91,18.70618188940659,18.30191362271542,-0.4042682666911688,-2.1611479514165746,6.79618188940659,6.391913622715421,-0.4042682666911688,True
F0627,1,15,85,8.17,6.873157102584353,10.197608019861253,3.3244509172768995,48.368615290735654,1.2968428974156465,2.027608019861253,0.7307651224456064,False
F0627,2,85,94,8.17,10.197608019861253,13.339343737079185,3.141735717217932,30.808555409258393,2.027608019861253,5.169343737079185,3.141735717217932,False
F0627,3,94,143,8.17,13.339343737079185,12.071936205823157,-1.267407531256028,-9.501273497683647,5.169343737079185,3.901936205823157,-1.267407531256028,True
F0627,4,143,156,8.17,12.071936205823157,13.590672240075557,1.5187360342524006,12.580716202921996,3.901936205823157,5.420672240075557,1.5187360342524006,False
F0627,5,156,162,8.17,13.590672240075557,11.687015067559955,-1.9036571725156026,-14.007086175635852,5.420672240075557,3.5170150675599547,-1.9036571725156026,True
F0627,6,162,176,8.17,11.687015067559955,14.758742341305396,3.0717272737454415,26.283249024566928,3.5170150675599547,6.588742341305396,3.0717272737454415,False
F0627,7,176,184,8.17,14.758742341305396,14.165147160810463,-0.5935951804949333,-4.021990266973049,6.588742341305396,5.995147160810463,-0.5935951804949333,True
F0627,8,184,199,8.17,14.165147160810463,11.478979087697175,-2.686168073113288,-18.96322037899392,5.995147160810463,3.3089790876971747,-2.686168073113288,True
F0627,9,199,271,8.17,11.478979087697175,16.10021963842069,4.621240550723515,40.2582887852494,3.3089790876971747,7.93021963842069,4.621240550723515,False
F0669,1,6,19,10.02,9.094869853179757,8.328801422789311,-0.7660684303904457,-8.423082933095651,0.9251301468202424,1.6911985772106881,0.7660684303904457,False
F0669,2,19,30,10.02,8.328801422789311,11.719991767734225,3.3911903449449134,40.716426923877904,1.6911985772106881,1.6999917677342253,0.00879319052353722,False
F0669,3,30,37,10.02,11.719991767734225,10.84069386423452,-0.8792979034997046,-7.502547108611966,1.6999917677342253,0.8206938642345207,-0.8792979034997046,True
F0669,4,37,60,10.02,10.84069386423452,10.542152776119778,-0.29854108811474234,-2.7538928029292045,0.8206938642345207,0.5221527761197784,-0.29854108811474234,True
F0669,5,60,68,10.02,10.542152776119778,9.457027631734196,-1.0851251443855823,-10.293202607000934,0.5221527761197784,0.5629723682658039,0.040819592146025485,False
F0669,6,68,108,10.02,9.457027631734196,14.170961740348467,4.713934108614271,49.84583203284822,0.5629723682658039,4.1509617403484675,3.5879893720826637,False
F0669,7,108,112,10.02,14.170961740348467,11.489905043830095,-2.6810566965183718,-18.91937008682125,4.1509617403484675,1.4699050438300958,-2.6810566965183718,True
F0669,8,112,128,10.02,11.489905043830095,11.601363501835312,0.1114584580052167,0.9700555189972452,1.4699050438300958,1.5813635018353125,0.1114584580052167,False
F0669,9,128,136,10.02,11.601363501835312,14.993731282779898,3.3923677809445856,29.24111273996302,1.5813635018353125,4.973731282779898,3.3923677809445856,False
F0669,10,136,142,10.02,14.993731282779898,13.069495564443658,-1.9242357183362397,-12.83360147014372,4.973731282779898,3.0494955644436583,-1.9242357183362397,True
F0669,11,142,169,10.02,13.069495564443658,12.794970860266433,-0.2745247041772245,-2.100499616252102,3.0494955644436583,2.774970860266434,-0.2745247041772245,True
F0669,12,169,195,10.02,12.794970860266433,13.580928220908936,0.7859573606425023,6.14270535842499,2.774970860266434,3.560928220908936,0.7859573606425023,False
F0669,13,195,215,10.02,13.580928220908936,15.499782301082101,1.9188540801731655,14.12903484180805,3.560928220908936,5.479782301082102,1.9188540801731655,False
F0669,14,215,245,10.02,15.499782301082101,15.23972341320023,-0.2600588878818719,-1.6778228418325345,5.479782301082102,5.21972341320023,-0.2600588878818719,True
F0669,15,245,256,10.02,15.23972341320023,17.179620031338253,1.9398966181380235,12.729211453127412,5.21972341320023,7.159620031338253,1.9398966181380235,False
F0671,1,74,93,8.89,8.711601020137586,12.507594913182952,3.7959938930453667,43.574009923900476,0.17839897986241482,3.617594913182952,3.439195933320537,False
F0671,2,93,98,8.89,12.507594913182952,10.256843608292648,-2.2507513048903043,-17.99507675546817,3.617594913182952,1.3668436082926476,-2.2507513048903043,True
F0671,3,98,98,8.89,10.256843608292648,12.965758133368917,2.7089145250762687,26.410800715398587,1.3668436082926476,4.075758133368916,2.7089145250762687,False
F0671,4,98,106,8.89,12.965758133368917,11.395917900120622,-1.5698402332482946,-12.107585357528185,4.075758133368916,2.5059179001206218,-1.5698402332482946,True
F0671,5,106,124,8.89,11.395917900120622,12.68626918221659,1.2903512820959673,11.322925396666022,2.5059179001206218,3.796269182216589,1.2903512820959673,False
F0671,6,124,125,8.89,12.68626918221659,13.147207020485476,0.4609378382688867,3.633360065503119,3.796269182216589,4.257207020485476,0.4609378382688867,False
F0671,7,125,138,8.89,13.147207020485476,12.311412345068904,-0.8357946754165724,-6.357203276059082,4.257207020485476,3.4214123450689033,-0.8357946754165724,True
F0671,8,138,166,8.89,12.311412345068904,13.744662262920768,1.4332499178518638,11.64163686245083,3.4214123450689033,4.854662262920767,1.4332499178518638,False
F0671,9,166,224,8.89,13.744662262920768,15.85781403166858,2.1131517687478123,15.3743448061907,4.854662262920767,6.9678140316685795,2.1131517687478123,False
F0671,10,224,233,8.89,15.85781403166858,16.011319816071307,0.15350578440272677,0.9680135237818444,6.9678140316685795,7.121319816071306,0.15350578440272677,False
F0671,11,233,243,8.89,16.011319816071307,17.964911722605116,1.9535919065338092,12.201317124231684,7.121319816071306,9.074911722605115,1.9535919065338092,False
F0671,12,243,249,8.89,17.964911722605116,17.746290419936795,-0.21862130266832125,-1.2169350233612988,9.074911722605115,8.856290419936794,-0.21862130266832125,True
F0671,13,249,268,8.89,17.746290419936795,17.19391050976342,-0.5523799101733751,-3.1126500079859643,8.856290419936794,8.30391050976342,-0.5523799101733751,True
F0717,1,23,119,8.67,7.549796324818732,13.327656002075406,5.777859677256674,76.53000728328124,1.1202036751812683,4.657656002075406,3.5374523268941376,False
F0717,2,119,208,8.67,13.327656002075406,17.010710186378077,3.683054184302671,27.6346732218264,4.657656002075406,8.340710186378077,3.683054184302671,False
F0717,3,208,231,8.67,17.010710186378077,15.645464188490003,-1.3652459978880742,-8.025802467561542,8.340710186378077,6.975464188490003,-1.3652459978880742,True
F0717,4,231,244,8.67,15.645464188490003,18.080365249965926,2.434901061475923,15.562983828036383,6.975464188490003,9.410365249965926,2.434901061475923,False
F0717,5,244,259,8.67,18.080365249965926,15.897046633061821,-2.1833186169041046,-12.07563335540591,9.410365249965926,7.227046633061821,-2.1833186169041046,True
F0717,6,259,265,8.67,15.897046633061821,16.37499794873729,0.4779513156754671,3.0065415715737394,7.227046633061821,7.704997948737288,0.4779513156754671,False
F0717,7,265,274,8.67,16.37499794873729,16.744952408929315,0.3699544601920266,2.259264162048671,7.704997948737288,8.074952408929315,0.3699544601920266,False
F0329,1,8,66,11.33,11.126895844275921,11.534355125492564,0.4074592812166422,3.6619312961957315,0.2031041557240787,0.20435512549256352,0.001250969768484822,False
F0329,2,66,68,11.33,11.534355125492564,12.659758932987101,1.1254038074945374,9.756972065193615,0.20435512549256352,1.329758932987101,1.1254038074945374,False
F0329,3,68,69,11.33,12.659758932987101,12.231994048345857,-0.4277648846412436,-3.3789338873320194,1.329758932987101,0.9019940483458573,-0.4277648846412436,True
F0329,4,69,72,11.33,12.231994048345857,11.71760019854673,-0.5143938497991272,-4.205314748895656,0.9019940483458573,0.3876001985467301,-0.5143938497991272,True
F0329,5,72,94,11.33,11.71760019854673,13.186372846450704,1.4687726479039735,12.534756460509186,0.3876001985467301,1.8563728464507037,1.4687726479039735,False
F0329,6,94,102,11.33,13.186372846450704,9.241817368243748,-3.944555478206956,-29.91387794156517,1.8563728464507037,2.0881826317562524,0.23180978530554874,False
F0329,7,102,137,11.33,9.241817368243748,13.362260282858166,4.120442914614419,44.58476888726313,2.0881826317562524,2.032260282858166,-0.05592234889808623,True
F0329,8,137,152,11.33,13.362260282858166,12.354324568851771,-1.0079357140063951,-7.543152824971012,2.032260282858166,1.024324568851771,-1.0079357140063951,True
F0329,9,152,171,11.33,12.354324568851771,14.721127701290424,2.366803132438653,19.157689432945073,1.024324568851771,3.391127701290424,2.366803132438653,False
F0329,10,171,211,11.33,14.721127701290424,16.714206808088292,1.9930791067978681,13.53890236699162,3.391127701290424,5.384206808088292,1.9930791067978681,False
F0329,11,211,232,11.33,16.714206808088292,15.162212988951637,-1.551993819136655,-9.28547694160167,5.384206808088292,3.832212988951637,-1.551993819136655,True
F0329,12,232,238,11.33,15.162212988951637,16.362859676665288,1.2006466877136504,7.918677099368901,3.832212988951637,5.0328596766652876,1.2006466877136504,False
F0329,13,238,268,11.33,16.362859676665288,12.857072461431637,-3.505787215233651,-21.4252721376886,5.0328596766652876,1.5270724614316364,-3.505787215233651,True
F0372,1,24,52,9.51,10.929922337169126,10.587297571666781,-0.3426247655023449,-3.1347410798811355,1.419922337169126,1.0772975716667812,-0.3426247655023449,True
F0372,2,52,60,9.51,10.587297571666781,11.078149125930477,0.49085155426369553,4.6362308317212975,1.0772975716667812,1.5681491259304767,0.49085155426369553,False
F0372,3,60,75,9.51,11.078149125930477,11.052699234191394,-0.02544989173908263,-0.22973053936882296,1.5681491259304767,1.542699234191394,-0.02544989173908263,True
F0372,4,75,126,9.51,11.052699234191394,12.203650813539868,1.1509515793484741,10.413307690378646,1.542699234191394,2.6936508135398682,1.1509515793484741,False
F0372,5,126,152,9.51,12.203650813539868,11.7468992392926,-0.4567515742472672,-3.742745357319667,2.6936508135398682,2.236899239292601,-0.4567515742472672,True
F0372,6,152,210,9.51,11.7468992392926,14.66393491438138,2.91703567508878,24.832388664163293,2.236899239292601,5.153934914381381,2.91703567508878,False
F0372,7,210,216,9.51,14.66393491438138,15.92299044358011,1.2590555291987293,8.586068722685983,5.153934914381381,6.41299044358011,1.2590555291987293,False
F0600,1,56,90,11.56,11.798191122704553,14.008908835608127,2.2107177129035733,18.73776827236886,0.23819112270455278,2.448908835608126,2.2107177129035733,False
F0600,2,90,170,11.56,14.008908835608127,11.904542846015104,-2.1043659895930222,-15.021626696892355,2.448908835608126,0.3445428460151039,-2.1043659895930222,True
F0600,3,170,200,11.56,11.904542846015104,15.540495724333084,3.6359528783179798,30.54256618963801,0.3445428460151039,3.9804957243330836,3.6359528783179798,False
F0600,4,200,234,11.56,15.540495724333084,15.032002006143871,-0.5084937181892126,-3.2720559704734544,3.9804957243330836,3.472002006143871,-0.5084937181892126,True
F0600,5,234,258,11.56,15.032002006143871,16.931654819746846,1.8996528136029749,12.63739063383939,3.472002006143871,5.371654819746846,1.8996528136029749,False
F0600,6,258,264,11.56,16.931654819746846,17.118780949721398,0.18712612997455125,1.1051851219900375,5.371654819746846,5.558780949721397,0.18712612997455125,False
F0600,7,264,280,11.56,17.118780949721398,18.488123217350463,1.3693422676290652,7.999064136931729,5.558780949721397,6.928123217350462,1.3693422676290652,False
F0637,1,9,37,8.15,8.157619442613356,10.06866981927457,1.9110503766612137,23.426569357702153,0.007619442613355787,1.9186698192745695,1.9110503766612137,False
F0637,2,37,37,8.15,10.06866981927457,8.692384289339405,-1.3762855299351653,-13.66899058801716,1.9186698192745695,0.5423842893394042,-1.3762855299351653,True
F0637,3,37,46,8.15,8.692384289339405,10.696204192116987,2.0038199027775825,23.052592201142396,0.5423842893394042,2.5462041921169867,2.0038199027775825,False
F0637,4,46,74,8.15,10.696204192116987,11.745040399945799,1.0488362078288116,9.805686101260063,2.5462041921169867,3.5950403999457983,1.0488362078288116,False
F0637,5,74,83,8.15,11.745040399945799,9.656212909235917,-2.088827490709882,-17.78476207471812,3.5950403999457983,1.5062129092359164,-2.088827490709882,True
F0637,6,83,91,8.15,9.656212909235917,12.621664885253592,2.9654519760176754,30.71030023769772,1.5062129092359164,4.471664885253592,2.9654519760176754,False
F0637,7,91,96,8.15,12.621664885253592,13.210338482124014,0.5886735968704215,4.663993238785741,4.471664885253592,5.060338482124013,0.5886735968704215,False
F0637,8,96,140,8.15,13.210338482124014,14.075059749850512,0.8647212677264982,6.545791910605645,5.060338482124013,5.9250597498505115,0.8647212677264982,False
F0637,9,140,143,8.15,14.075059749850512,14.517566868989817,0.4425071191393055,3.143909347482559,5.9250597498505115,6.367566868989817,0.4425071191393055,False
F0637,10,143,153,8.15,14.517566868989817,12.677865337266574,-1.839701531723243,-12.672244242614298,6.367566868989817,4.527865337266574,-1.839701531723243,True
F0637,11,153,160,8.15,12.677865337266574,11.142949899573951,-1.5349154376926233,-12.107049545484132,4.527865337266574,2.9929498995739507,-1.5349154376926233,True
F0637,12,160,185,8.15,11.142949899573951,11.846092973161014,0.7031430735870625,6.310205824527193,2.9929498995739507,3.6960929731610133,0.7031430735870625,False
F0637,13,185,188,8.15,11.846092973161014,14.233904311776845,2.3878113386158315,20.15695254144766,3.6960929731610133,6.083904311776845,2.3878113386158315,False
F0637,14,188,206,8.15,14.233904311776845,12.731531944854694,-1.5023723669221507,-10.554885954088634,6.083904311776845,4.581531944854694,-1.5023723669221507,True
F0637,15,206,226,8.15,12.731531944854694,18.301604692485608,5.570072747630913,43.75021617003439,4.581531944854694,10.151604692485607,5.570072747630913,False
F0637,16,226,254,8.15,18.301604692485608,16.77714114896716,-1.524463543518447,-8.329671463969339,10.151604692485607,8.62714114896716,-1.524463543518447,True
F0637,17,254,263,8.15,16.77714114896716,15.508741353626023,-1.2683997953411374,-7.56028565343043,8.62714114896716,7.358741353626023,-1.2683997953411374,True
F0637,18,263,294,8.15,15.508741353626023,17.465130277617867,1.9563889239918435,12.614749832902653,7.358741353626023,9.315130277617866,1.9563889239918435,False
F0040,1,9,20,12.83,11.751395776723097,9.753272302576097,-1.9981234741470004,-17.003286350927258,1.078604223276903,3.0767276974239035,1.9981234741470004,False
F0040,2,20,24,12.83,9.753272302576097,7.439136906100953,-2.3141353964751437,-23.726758821897338,3.0767276974239035,5.390863093899047,2.3141353964751437,False
F0040,3,24,30,12.83,7.439136906100953,11.509348137422288,4.070211231321335,54.71348736683809,5.390863093899047,1.3206518625777122,-4.070211231321335,True
F0040,4,30,51,12.83,11.509348137422288,10.61085287248755,-0.8984952649347377,-7.806656417085067,1.3206518625777122,2.21914712751245,0.8984952649347377,False
F0040,5,51,54,12.83,10.61085287248755,10.198850027325616,-0.4120028451619344,-3.8828438214443617,2.21914712751245,2.6311499726743843,0.4120028451619344,False
F0040,6,54,59,12.83,10.198850027325616,9.6986106771595,-0.5002393501661153,-4.904860340389671,2.6311499726743843,3.1313893228404996,0.5002393501661153,False
F0040,7,59,63,12.83,9.6986106771595,9.72736079887601,0.02875012171650937,0.2964354655890736,3.1313893228404996,3.1026392011239903,-0.02875012171650937,True
F0040,8,63,64,12.83,9.72736079887601,11.576850042168223,1.8494892432922132,19.013268671045083,3.1026392011239903,1.253149957831777,-1.8494892432922132,True
F0040,9,64,175,12.83,11.576850042168223,16.46377865546473,4.886928613296506,42.21293871386483,1.253149957831777,3.633778655464729,2.380628697632952,False
F0040,10,175,177,12.83,16.46377865546473,13.834529296481215,-2.6292493589835146,-15.969902256374194,3.633778655464729,1.0045292964812145,-2.6292493589835146,True
F0040,11,177,196,12.83,13.834529296481215,13.247568327401925,-0.5869609690792892,-4.2427245372821,1.0045292964812145,0.4175683274019253,-0.5869609690792892,True
F0040,12,196,214,12.83,13.247568327401925,17.055488949899882,3.8079206224979565,28.744298790453982,0.4175683274019253,4.225488949899882,3.8079206224979565,False
F0040,13,214,233,12.83,17.055488949899882,18.423705037793827,1.3682160878939449,8.022145198610541,4.225488949899882,5.593705037793827,1.3682160878939449,False
F0978,1,57,67,8.66,9.342858472558435,12.496510910894557,3.153652438336122,33.75468490290135,0.6828584725584346,3.8365109108945568,3.153652438336122,False
F0978,2,67,96,8.66,12.496510910894557,14.210481598481543,1.7139706875869862,13.715593895034598,3.8365109108945568,5.550481598481543,1.7139706875869862,False
F0978,3,96,185,8.66,14.210481598481543,12.724559981016231,-1.485921617465312,-10.45651836053248,5.550481598481543,4.064559981016231,-1.485921617465312,True
F0978,4,185,196,8.66,12.724559981016231,15.342293417638086,2.6177334366218545,20.57229044090523,4.064559981016231,6.6822934176380855,2.6177334366218545,False
F0978,5,196,225,8.66,15.342293417638086,16.075043206799286,0.7327497891612005,4.776012094246636,6.6822934176380855,7.415043206799286,0.7327497891612005,False
F0111,1,7,23,11.69,11.201237567839403,8.049730140341193,-3.15150742749821,-28.135350298673306,0.48876243216059656,3.6402698596588063,3.15150742749821,False
F0111,2,23,24,11.69,8.049730140341193,8.4159598067941,0.36622966645290767,4.549589365953388,3.6402698596588063,3.2740401932058987,-0.36622966645290767,True
F0111,3,24,38,11.69,8.4159598067941,9.412961927754601,0.9970021209605004,11.846564668187137,3.2740401932058987,2.2770380722453982,-0.9970021209605004,True
F0111,4,38,66,11.69,9.412961927754601,7.828508689761848,-1.5844532379927534,-16.832674456282586,2.2770380722453982,3.8614913102381516,1.5844532379927534,False
F0111,5,66,90,11.69,7.828508689761848,11.724342698691554,3.8958340089297065,49.76470185215088,3.8614913102381516,0.03434269869155493,-3.8271486115465967,True
F0111,6,90,93,11.69,11.724342698691554,14.249439770373378,2.5250970716818237,21.53721651247559,0.03434269869155493,2.5594397703733787,2.5250970716818237,False
F0111,7,93,178,11.69,14.249439770373378,15.125676961021531,0.876237190648153,6.149274671625865,2.5594397703733787,3.4356769610215316,0.876237190648153,False
F0111,8,178,178,11.69,15.125676961021531,14.981402034643448,-0.14427492637808292,-0.9538411189785131,3.4356769610215316,3.2914020346434487,-0.14427492637808292,True
F0111,9,178,229,11.69,14.981402034643448,14.726825210072496,-0.2545768245709521,-1.6992857142626634,3.2914020346434487,3.0368252100724966,-0.2545768245709521,True
F0211,1,1,33,8.38,10.151402028874827,11.420910186816101,1.2695081579412744,12.505742106659385,1.7714020288748262,3.0409101868161006,1.2695081579412744,False
F0211,2,33,79,8.38,11.420910186816101,11.80928505714602,0.388374870329919,3.4005597100154534,3.0409101868161006,3.4292850571460196,0.388374870329919,False
F0211,3,79,97,8.38,11.80928505714602,11.360984676020484,-0.44830038112553616,-3.796168683846455,3.4292850571460196,2.9809846760204834,-0.44830038112553616,True
F0211,4,97,99,8.38,11.360984676020484,13.080947464364645,1.7199627883441604,15.139205248418902,2.9809846760204834,4.700947464364644,1.7199627883441604,False
F0211,5,99,105,8.38,13.080947464364645,12.227277502146817,-0.8536699622178272,-6.526056040997111,4.700947464364644,3.8472775021468166,-0.8536699622178272,True
F0211,6,105,142,8.38,12.227277502146817,10.589467455737406,-1.6378100464094114,-13.394723773316269,3.8472775021468166,2.209467455737405,-1.6378100464094114,True
F0211,7,142,146,8.38,10.589467455737406,12.479276340600236,1.8898088848628305,17.84611825629556,2.209467455737405,4.099276340600236,1.8898088848628305,False
F0211,8,146,173,8.38,12.479276340600236,13.623109919189247,1.1438335785890104,9.165864649279763,4.099276340600236,5.243109919189246,1.1438335785890104,False
F0211,9,173,202,8.38,13.623109919189247,14.532211081587779,0.9091011623985317,6.673227829704211,5.243109919189246,6.152211081587778,0.9091011623985317,False
F0211,10,202,225,8.38,14.532211081587779,14.813927193084552,0.2817161114967739,1.938563305440192,6.152211081587778,6.433927193084552,0.2817161114967739,False
F0211,11,225,230,8.38,14.813927193084552,13.744898381497539,-1.069028811587014,-7.216376843583102,6.433927193084552,5.364898381497538,-1.069028811587014,True
F0211,12,230,244,8.38,13.744898381497539,18.94280872689368,5.197910345396142,37.81701545639087,5.364898381497538,10.56280872689368,5.197910345396142,False
F0211,13,244,261,8.38,18.94280872689368,16.361331669451094,-2.581477057442587,-13.627741770826127,10.56280872689368,7.981331669451093,-2.581477057442587,True
F0071,1,8,49,10.66,9.53360199526849,10.293118715033073,0.7595167197645818,7.966734085831657,1.1263980047315094,0.3668812849669276,-0.7595167197645818,True
F0071,2,49,49,10.66,10.293118715033073,11.339463622387456,1.0463449073543831,10.165479834855097,0.3668812849669276,0.6794636223874555,0.3125823374205279,False
F0071,3,49,50,10.66,11.339463622387456,11.915185733514413,0.5757221111269573,5.077154707655762,0.6794636223874555,1.2551857335144128,0.5757221111269573,False
F0071,4,50,94,10.66,11.915185733514413,13.93607649855182,2.0208907650374073,16.960631669829127,1.2551857335144128,3.27607649855182,2.0208907650374073,False
F0071,5,94,112,10.66,13.93607649855182,14.638030189225654,0.7019536906738342,5.036953483620575,3.27607649855182,3.978030189225654,0.7019536906738342,False
F0071,6,112,147,10.66,14.638030189225654,15.636806930650232,0.9987767414245781,6.823163557619448,3.978030189225654,4.976806930650232,0.9987767414245781,False
F0071,7,147,235,10.66,15.636806930650232,15.823690216472166,0.18688328582193314,1.1951499219167112,4.976806930650232,5.163690216472165,0.18688328582193314,False
F0071,8,235,252,10.66,15.823690216472166,16.22422347053162,0.4005332540594537,2.5312253246875756,5.163690216472165,5.564223470531619,0.4005332540594537,False
F0071,9,252,257,10.66,16.22422347053162,14.151658283663366,-2.0725651868682533,-12.774510845666635,5.564223470531619,3.491658283663366,-2.0725651868682533,True
F0071,10,257,268,10.66,14.151658283663366,15.118794695900055,0.9671364122366892,6.834085397279193,3.491658283663366,4.458794695900055,0.9671364122366892,False
F0071,11,268,285,10.66,15.118794695900055,16.651891000612103,1.533096304712048,10.140334170473233,4.458794695900055,5.991891000612103,1.533096304712048,False
F0550,1,13,15,5.19,4.904365660381524,7.5810592452069585,2.6766935848254345,54.57777356301787,0.2856343396184764,2.391059245206958,2.1054249055884817,False
F0550,2,15,24,5.19,7.5810592452069585,10.818647235863262,3.237587990656303,42.70627475577681,2.391059245206958,5.628647235863261,3.237587990656303,False
F0550,3,24,39,5.19,10.818647235863262,10.239692892737828,-0.5789543431254334,-5.351448573036279,5.628647235863261,5.049692892737828,-0.5789543431254334,True
F0550,4,39,62,5.19,10.239692892737828,11.708834213120287,1.4691413203824588,14.347513502327788,5.049692892737828,6.518834213120287,1.4691413203824588,False
F0550,5,62,100,5.19,11.708834213120287,12.216067792814297,0.5072335796940095,4.3320587725602175,6.518834213120287,7.026067792814296,0.5072335796940095,False
F0550,6,100,135,5.19,12.216067792814297,12.181132906369895,-0.034934886444402125,-0.2859748900947605,7.026067792814296,6.991132906369894,-0.034934886444402125,True
F0550,7,135,153,5.19,12.181132906369895,14.381948155856785,2.2008152494868902,18.06741020234674,6.991132906369894,9.191948155856785,2.200815249486891,False
F0550,8,153,158,5.19,14.381948155856785,15.633757611444718,1.2518094555879333,8.704032597128762,9.191948155856785,10.443757611444717,1.2518094555879316,False
F0550,9,158,159,5.19,15.633757611444718,15.611357168164831,-0.022400443279886773,-0.14328252897747687,10.443757611444717,10.421357168164832,-0.022400443279884996,True
F0550,10,159,179,5.19,15.611357168164831,14.274217697019793,-1.3371394711450382,-8.565171219525839,10.421357168164832,9.084217697019792,-1.33713947114504,True
F0550,11,179,210,5.19,14.274217697019793,17.452438666471338,3.1782209694515444,22.265465168820434,9.084217697019792,12.262438666471336,3.1782209694515444,False
F0550,12,210,229,5.19,17.452438666471338,14.129906088040798,-3.3225325784305397,-19.037640767153107,12.262438666471336,8.939906088040797,-3.3225325784305397,True
F0550,13,229,245,5.19,14.129906088040798,14.500673909037557,0.3707678209967593,2.623993526118111,8.939906088040797,9.310673909037558,0.3707678209967611,False
F0550,14,245,248,5.19,14.500673909037557,14.661694817021678,0.1610209079841205,1.110437411352062,9.310673909037558,9.471694817021678,0.1610209079841205,False
F0550,15,248,280,5.19,14.661694817021678,18.766800299648946,4.105105482627268,27.998846885432332,9.471694817021678,13.576800299648944,4.105105482627266,False
F0550,16,280,289,5.19,18.766800299648946,18.952234829249043,0.18543452960009787,0.9880988055463384,13.576800299648944,13.762234829249042,0.18543452960009787,False
F0311,1,30,70,10.97,10.588862848579504,10.865365917551047,0.2765030689715431,2.611263106582176,0.3811371514204964,0.10463408244895334,-0.2765030689715431,True
F0311,2,70,138,10.97,10.865365917551047,13.15640104838616,2.2910351308351125,21.085669348092146,0.10463408244895334,2.186401048386159,2.081766965937206,False
F0311,3,138,191,10.97,13.15640104838616,14.834332508893164,1.6779314605070041,12.753726907046733,2.186401048386159,3.8643325088931633,1.6779314605070041,False
F0311,4,191,227,10.97,14.834332508893164,14.723982598696477,-0.11034991019668716,-0.7438818708595923,3.8643325088931633,3.753982598696476,-0.11034991019668716,True
F0311,5,227,264,10.97,14.723982598696477,17.1601762903103,2.4361936916138234,16.545752314523256,3.753982598696476,6.1901762903102995,2.4361936916138234,False
F0311,6,264,268,10.97,17.1601762903103,17.658610086088174,0.49843379577787417,2.9045960096535888,6.1901762903102995,6.688610086088174,0.49843379577787417,False
F0715,1,7,27,9.52,9.506399966219025,8.470083612304563,-1.0363163539144615,-10.901249238376355,0.01360003378097474,1.0499163876954363,1.0363163539144615,False
F0715,2,27,49,9.52,8.470083612304563,9.929764712128264,1.459681099823701,17.23337297052428,1.0499163876954363,0.4097647121282648,-0.6401516755671715,True
F0715,3,49,50,9.52,9.929764712128264,9.233889682474295,-0.6958750296539691,-7.007970982474779,0.4097647121282648,0.28611031752570426,-0.12365439460256056,True
F0715,4,50,50,9.52,9.233889682474295,12.497784221047278,3.2638945385729823,35.34690851643785,0.28611031752570426,2.977784221047278,2.6916739035215738,False
F0715,5,50,80,9.52,12.497784221047278,10.608520087445964,-1.8892641336013138,-15.11679270649945,2.977784221047278,1.0885200874459642,-1.8892641336013138,True
F0715,6,80,113,9.52,10.608520087445964,12.375469445696101,1.7669493582501374,16.655945821709203,1.0885200874459642,2.8554694456961016,1.7669493582501374,False
F0715,7,113,121,9.52,12.375469445696101,14.783808203924236,2.408338758228135,19.460585061407095,2.8554694456961016,5.263808203924237,2.408338758228135,False
F0715,8,121,135,9.52,14.783808203924236,10.54742203932374,-4.236386164600496,-28.655581201844754,5.263808203924237,1.0274220393237403,-4.236386164600496,True
F0715,9,135,145,9.52,10.54742203932374,14.805851900846289,4.258429861522549,40.37412976977626,1.0274220393237403,5.285851900846289,4.258429861522549,False
F0715,10,145,161,9.52,14.805851900846289,14.384440968709347,-0.4214109321369417,-2.8462457611969914,5.285851900846289,4.8644409687093475,-0.4214109321369417,True
F0715,11,161,232,9.52,14.384440968709347,16.448480955271837,2.0640399865624897,14.349115068513413,4.8644409687093475,6.928480955271837,2.0640399865624897,False
F0715,12,232,251,9.52,16.448480955271837,13.965326103606577,-2.48315485166526,-15.096560335374884,6.928480955271837,4.445326103606577,-2.48315485166526,True
F0715,13,251,274,9.52,13.965326103606577,18.66159938063603,4.696273277029453,33.628096058685166,4.445326103606577,9.14159938063603,4.696273277029453,False
F0838,1,9,9,9.99,9.864668473968052,6.119788616054093,-3.7448798579139595,-37.962551582917875,0.12533152603194786,3.8702113839459074,3.7448798579139595,False
F0838,2,9,21,9.99,6.119788616054093,8.951069553414584,2.831280937360491,46.26435837886897,3.8702113839459074,1.0389304465854163,-2.831280937360491,True
F0838,3,21,35,9.99,8.951069553414584,9.413907537093984,0.46283798367939966,5.170756197541106,1.0389304465854163,0.5760924629060167,-0.46283798367939966,True
F0838,4,35,37,9.99,9.413907537093984,7.971965220149874,-1.4419423169441092,-15.317149772954197,0.5760924629060167,2.018034779850126,1.4419423169441092,False
F0838,5,37,50,9.99,7.971965220149874,8.85682290836596,0.8848576882160852,11.099618021156516,2.018034779850126,1.1331770916340407,-0.8848576882160852,True
F0838,6,50,106,9.99,8.85682290836596,12.72949280989738,3.8726699015314203,43.72527193553099,1.1331770916340407,2.7394928098973796,1.606315718263339,False
F0838,7,106,132,9.99,12.72949280989738,12.965047652802946,0.23555484290556628,1.8504652653750564,2.7394928098973796,2.975047652802946,0.23555484290556628,False
F0838,8,132,144,9.99,12.965047652802946,12.507734303021506,-0.45731334978144034,-3.527278588000968,2.975047652802946,2.5177343030215056,-0.45731334978144034,True
F0838,9,144,154,9.99,12.507734303021506,14.52684374843736,2.019109445415854,16.14288724479937,2.5177343030215056,4.536843748437359,2.019109445415854,False
F0838,10,154,190,9.99,14.52684374843736,15.87853626596737,1.3516925175300099,9.304791467006797,4.536843748437359,5.888536265967369,1.3516925175300099,False
F0838,11,190,203,9.99,15.87853626596737,14.796732483509158,-1.081803782458211,-6.812994373901152,5.888536265967369,4.806732483509158,-1.081803782458211,True
F0838,12,203,212,9.99,14.796732483509158,14.613858070365495,-0.18287441314366326,-1.2359107887330891,4.806732483509158,4.623858070365495,-0.18287441314366326,True
F0838,13,212,246,9.99,14.613858070365495,15.61769470240517,1.0038366320396754,6.869073363147623,4.623858070365495,5.6276947024051704,1.0038366320396754,False
F0838,14,246,276,9.99,15.61769470240517,19.1797654082123,3.5620707058071304,22.80791610850583,5.6276947024051704,9.1897654082123,3.5620707058071304,False
F0584,1,3,8,7.64,8.594066569295622,7.589423798967779,-1.0046427703278429,-11.689957975391671,0.9540665692956223,0.0505762010322206,-0.9034903682634017,True
F0584,2,8,25,7.64,7.589423798967779,11.767905241683033,4.178481442715254,55.05663609513493,0.0505762010322206,4.127905241683034,4.077329040650813,False
F0584,3,25,56,7.64,11.767905241683033,9.785133420103538,-1.9827718215794956,-16.84897847882332,4.127905241683034,2.145133420103538,-1.9827718215794956,True
F0584,4,56,69,7.64,9.785133420103538,13.572358022350077,3.787224602246539,38.703862682809145,2.145133420103538,5.932358022350077,3.787224602246539,False
F0584,5,69,86,7.64,13.572358022350077,13.117021694768788,-0.45533632758128917,-3.35488002034334,5.932358022350077,5.477021694768788,-0.45533632758128917,True
F0584,6,86,90,7.64,13.117021694768788,13.592078105898572,0.4750564111297848,3.621678931271742,5.477021694768788,5.952078105898573,0.4750564111297848,False
F0584,7,90,151,7.64,13.592078105898572,13.413582227029254,-0.1784958788693185,-1.3132346465244076,5.952078105898573,5.773582227029254,-0.1784958788693185,True
F0584,8,151,175,7.64,13.413582227029254,10.427384158592622,-2.9861980684366323,-22.262494968862576,5.773582227029254,2.787384158592622,-2.9861980684366323,True
F0584,9,175,176,7.64,10.427384158592622,15.516391074763094,5.089006916170472,48.80425271353322,2.787384158592622,7.876391074763094,5.089006916170472,False
F0584,10,176,213,7.64,15.516391074763094,16.648725776017322,1.1323347012542282,7.297667968010511,7.876391074763094,9.008725776017322,1.1323347012542273,False
F0584,11,213,213,7.64,16.648725776017322,17.35568348408759,0.7069577080702665,4.246317211186498,9.008725776017322,9.715683484087588,0.7069577080702665,False
F0584,12,213,234,7.64,17.35568348408759,17.51123424867799,0.1555507645904015,0.8962526006712263,9.715683484087588,9.87123424867799,0.1555507645904015,False
F0584,13,234,251,7.64,17.51123424867799,15.689021037712678,-1.8222132109653124,-10.405966735913434,9.87123424867799,8.049021037712677,-1.8222132109653124,True
F0584,14,251,260,7.64,15.689021037712678,18.135161447863165,2.4461404101504876,15.591415195827372,8.049021037712677,10.495161447863165,2.4461404101504876,False
F0222,1,3,65,9.14,9.009801059109162,11.486954931880284,2.4771538727711224,27.493990783144433,0.13019894089083905,2.3469549318802834,2.2167559909894443,False
F0222,2,65,77,9.14,11.486954931880284,12.46845168998485,0.9814967581045657,8.544446843615376,2.3469549318802834,3.328451689984849,0.9814967581045657,False
F0222,3,77,82,9.14,12.46845168998485,12.49137350724989,0.022921817265039834,0.18383852169432985,3.328451689984849,3.351373507249889,0.022921817265039834,False
F0222,4,82,169,9.14,12.49137350724989,15.361629829254621,2.8702563220047317,22.977908076632716,3.351373507249889,6.221629829254621,2.8702563220047317,False
F0222,5,169,182,9.14,15.361629829254621,15.479058711137428,0.11742888188280709,0.7644298371203818,6.221629829254621,6.339058711137428,0.11742888188280709,False
F0222,6,182,228,9.14,15.479058711137428,16.883924167155268,1.4048654560178395,9.075910119825416,6.339058711137428,7.743924167155267,1.4048654560178395,False
F0222,7,228,240,9.14,16.883924167155268,16.62595761520344,-0.25796655195182794,-1.527882673470288,7.743924167155267,7.485957615203439,-0.25796655195182794,True
F0222,8,240,258,9.14,16.62595761520344,16.407234534987122,-0.2187230802163178,-1.315551773188142,7.485957615203439,7.2672345349871215,-0.2187230802163178,True
F0644,1,26,45,12.5,11.848869723745016,11.197680482497237,-0.6511892412477795,-5.495792058062744,0.6511302762549835,1.302319517502763,0.6511892412477795,False
F0644,2,45,66,12.5,11.197680482497237,13.465666555449783,2.267986072952546,20.254070264797853,1.302319517502763,0.9656665554497827,-0.33665296205298034,True
F0644,3,66,93,12.5,13.465666555449783,8.297496647575596,-5.168169907874187,-38.380349658833204,0.9656665554497827,4.202503352424404,3.2368367969746217,False
F0644,4,93,93,12.5,8.297496647575596,14.59730346604235,6.299806818466754,75.92418636658881,4.202503352424404,2.0973034660423497,-2.1051998863820547,True
F0644,5,93,130,12.5,14.59730346604235,10.98780336880582,-3.6095000972365305,-24.72717036837178,2.0973034660423497,1.5121966311941808,-0.5851068348481689,True
F0644,6,130,156,12.5,10.98780336880582,13.559779651739543,2.571976282933724,23.407556511572817,1.5121966311941808,1.059779651739543,-0.45241697945463777,True
F0644,7,156,221,12.5,13.559779651739543,17.063284339383948,3.503504687644405,25.837475074271953,1.059779651739543,4.563284339383948,3.503504687644405,False
F0644,8,221,227,12.5,17.063284339383948,16.643997305983582,-0.41928703340036577,-2.4572469464896916,4.563284339383948,4.143997305983582,-0.41928703340036577,True
F0644,9,227,264,12.5,16.643997305983582,16.650613360984714,0.006616055001131826,0.039750396971966154,4.143997305983582,4.150613360984714,0.006616055001131826,False
F0644,10,264,265,12.5,16.650613360984714,16.24316908787104,-0.4074442731136756,-2.4470226067971073,4.150613360984714,3.7431690878710384,-0.4074442731136756,True
F0644,11,265,282,12.5,16.24316908787104,16.759794331334735,0.5166252434636966,3.180569263724938,3.7431690878710384,4.259794331334735,0.5166252434636966,False
F0644,12,282,290,12.5,16.759794331334735,17.667360347586403,0.9075660162516677,5.415138147339007,4.259794331334735,5.167360347586403,0.9075660162516677,False
F0644,13,290,291,12.5,17.667360347586403,18.633911785956766,0.9665514383703631,5.470831065617603,5.167360347586403,6.133911785956766,0.9665514383703631,False
F0528,1,15,121,10.98,10.1841330547173,14.770627681809264,4.586494627091964,45.03569034742231,0.7958669452827003,3.790627681809264,2.9947607365265636,False
F0528,2,121,127,10.98,14.770627681809264,12.229256523840082,-2.5413711579691824,-17.205573200514714,3.790627681809264,1.2492565238400815,-2.5413711579691824,True
F0528,3,127,146,10.98,12.229256523840082,14.530086771611543,2.3008302477714615,18.814146577808337,1.2492565238400815,3.550086771611543,2.3008302477714615,False
F0528,4,146,150,10.98,14.530086771611543,9.985641973945171,-4.544444797666372,-31.276102263512804,3.550086771611543,0.9943580260548295,-2.5557287455567135,True
F0528,5,150,163,10.98,9.985641973945171,14.5322022405678,4.546560266622629,45.53097616042761,0.9943580260548295,3.5522022405677998,2.5578442145129703,False
F0528,6,163,181,10.98,14.5322022405678,15.433103090567702,0.9009008499999016,6.199341538785946,3.5522022405677998,4.453103090567701,0.9009008499999016,False
F0528,7,181,203,10.98,15.433103090567702,15.591473716161923,0.15837062559422144,1.0261748701141853,4.453103090567701,4.611473716161923,0.15837062559422144,False
F0528,8,203,204,10.98,15.591473716161923,15.214142326139761,-0.377331390022162,-2.4201136909272734,4.611473716161923,4.234142326139761,-0.377331390022162,True
F0528,9,204,206,10.98,15.214142326139761,14.216176971159685,-0.9979653549800762,-6.559458519495045,4.234142326139761,3.2361769711596846,-0.9979653549800762,True
F0528,10,206,211,10.98,14.216176971159685,17.176302404044986,2.9601254328853006,20.822232579761057,3.2361769711596846,6.196302404044985,2.9601254328853006,False
F0528,11,211,232,10.98,17.176302404044986,15.290575291632337,-1.8857271124126491,-10.978655755202377,6.196302404044985,4.310575291632336,-1.8857271124126491,True
F0528,12,232,285,10.98,15.290575291632337,17.962575438082432,2.6720001464500953,17.474817627773163,4.310575291632336,6.982575438082431,2.6720001464500953,False
F0209,1,26,26,12.92,12.635153589330816,9.317719944989767,-3.3174336443410493,-26.255586217347656,0.2848464106691839,3.602280055010233,3.3174336443410493,False
F0209,2,26,52,12.92,9.317719944989767,13.345205061293493,4.027485116303726,43.22393396755121,3.602280055010233,0.425205061293493,-3.17707499371674,True
F0209,3,52,56,12.92,13.345205061293493,11.871654746138725,-1.4735503151547675,-11.041795973811306,0.425205061293493,1.0483452538612745,0.6231401925677815,False
F0209,4,56,69,12.92,11.871654746138725,9.939062737542987,-1.9325920085957389,-16.27904491767938,1.0483452538612745,2.9809372624570134,1.9325920085957389,False
F0209,5,69,101,12.92,9.939062737542987,11.567981740745982,1.628919003202995,16.38906048001943,2.9809372624570134,1.3520182592540184,-1.628919003202995,True
F0209,6,101,130,12.92,11.567981740745982,13.459785718840081,1.8918039780940994,16.35379464190011,1.3520182592540184,0.539785718840081,-0.8122325404139374,True
F0209,7,130,144,12.92,13.459785718840081,14.009757186010587,0.549971467170506,4.086034344519273,0.539785718840081,1.089757186010587,0.549971467170506,False
F0209,8,144,160,12.92,14.009757186010587,13.483871866087838,-0.5258853199227485,-3.7537075977867063,1.089757186010587,0.5638718660878386,-0.5258853199227485,True
F0209,9,160,181,12.92,13.483871866087838,13.074724782923745,-0.4091470831640933,-3.034344194512149,0.5638718660878386,0.15472478292374525,-0.4091470831640933,True
F0209,10,181,192,12.92,13.074724782923745,16.982360754968802,3.907635972045057,29.886946279348287,0.15472478292374525,4.062360754968802,3.907635972045057,False
F0209,11,192,207,12.92,16.982360754968802,16.093336134470654,-0.889024620498148,-5.234988429026464,4.062360754968802,3.173336134470654,-0.889024620498148,True
F0209,12,207,261,12.92,16.093336134470654,18.616037798997276,2.522701664526622,15.675442577273921,3.173336134470654,5.696037798997276,2.522701664526622,False
F0209,13,261,294,12.92,18.616037798997276,17.61879975140946,-0.9972380475878175,-5.356875927924535,5.696037798997276,4.698799751409458,-0.9972380475878175,True
F0990,1,62,80,13.07,12.443935595391338,10.221889733937052,-2.2220458614542853,-17.85645581673718,0.6260644046086625,2.848110266062948,2.2220458614542853,False
F0990,2,80,84,13.07,10.221889733937052,11.885729881408707,1.6638401474716549,16.277226528355556,2.848110266062948,1.184270118591293,-1.6638401474716549,True
F0990,3,84,84,13.07,11.885729881408707,13.48831193261696,1.6025820512082518,13.483244758194962,1.184270118591293,0.41831193261695887,-0.7659581859743341,True
F0990,4,84,91,13.07,13.48831193261696,11.951777541326148,-1.536534391290811,-11.391598881808314,0.41831193261695887,1.118222458673852,0.6999105260568932,False
F0990,5,91,94,13.07,11.951777541326148,10.326460717932239,-1.6253168233939093,-13.598954781194555,1.118222458673852,2.7435392820677613,1.6253168233939093,False
F0990,6,94,192,13.07,10.326460717932239,16.48701187338633,6.16055115545409,59.65791497909918,2.7435392820677613,3.417011873386329,0.6734725913185677,False
F0990,7,192,200,13.07,16.48701187338633,14.29379501645437,-2.1932168569319597,-13.302694713723687,3.417011873386329,1.2237950164543694,-2.1932168569319597,True
F0990,8,200,203,13.07,14.29379501645437,16.99313026730263,2.699335250848259,18.884664623641985,1.2237950164543694,3.9231302673026285,2.699335250848259,False
F0990,9,203,296,13.07,16.99313026730263,17.36341283212562,0.3702825648229897,2.179013277709462,3.9231302673026285,4.293412832125618,0.3702825648229897,False
F0990,10,296,298,13.07,17.36341283212562,16.89765643162787,-0.46575640049774947,-2.68240123644363,4.293412832125618,3.8276564316278687,-0.46575640049774947,True
F0885,1,12,28,8.67,7.03587485564732,8.014118987927844,0.9782441322805244,13.903660203611215,1.63412514435268,0.6558810120721557,-0.9782441322805244,True
F0885,2,28,40,8.67,8.014118987927844,11.217800796925395,3.203681808997551,39.97547096347649,0.6558810120721557,2.5478007969253955,1.8919197848532399,False
F0885,3,40,80,8.67,11.217800796925395,12.732481595807021,1.514680798881626,13.502475452200699,2.5478007969253955,4.0624815958070215,1.514680798881626,False
F0885,4,80,170,8.67,12.732481595807021,14.930171616809886,2.197690021002865,17.260500276133083,4.0624815958070215,6.260171616809886,2.197690021002865,False
F0885,5,170,226,8.67,14.930171616809886,15.131214363820167,0.20104274701028046,1.3465534902755327,6.260171616809886,6.461214363820167,0.20104274701028046,False
F0530,1,17,31,9.66,10.437770079575923,9.957399882063864,-0.4803701975120589,-4.602230110931663,0.777770079575923,0.29739988206386414,-0.4803701975120589,True
F0530,2,31,35,9.66,9.957399882063864,10.033455648990717,0.0760557669268529,0.7638115153319409,0.29739988206386414,0.37345564899071704,0.0760557669268529,False
F0530,3,35,41,9.66,10.033455648990717,12.575715679245869,2.542260030255152,25.33783094472424,0.37345564899071704,2.915715679245869,2.542260030255152,False
F0530,4,41,42,9.66,12.575715679245869,10.057446938173657,-2.5182687410722124,-20.024854293010115,2.915715679245869,0.3974469381736565,-2.5182687410722124,True
F0530,5,42,51,9.66,10.057446938173657,8.347112958939558,-1.7103339792340986,-17.00564755397735,0.3974469381736565,1.312887041060442,0.9154401028867856,False
F0530,6,51,55,9.66,8.347112958939558,12.233203916271304,3.8860909573317457,46.5561083987708,1.312887041060442,2.5732039162713036,1.2603168752108616,False
F0530,7,55,57,9.66,12.233203916271304,7.600102782187398,-4.633101134083906,-37.8731619761643,2.5732039162713036,2.059897217812602,-0.5133066984587016,True
F0530,8,57,61,9.66,7.600102782187398,9.70447102617515,2.1043682439877527,27.68868138099168,2.059897217812602,0.04447102617515064,-2.0154261916374514,True
F0530,9,61,62,9.66,9.70447102617515,11.267673480817493,1.563202454642342,16.108064524341735,0.04447102617515064,1.6076734808174926,1.563202454642342,False
F0530,10,62,70,9.66,11.267673480817493,9.98566589123435,-1.2820075895831433,-11.37774884731689,1.6076734808174926,0.3256658912343493,-1.2820075895831433,True
F0530,11,70,83,9.66,9.98566589123435,12.481515693371911,2.4958498021375615,24.9943251589108,0.3256658912343493,2.8215156933719108,2.4958498021375615,False
F0530,12,83,86,9.66,12.481515693371911,11.01901131959465,-1.4625043737772607,-11.71736197514776,2.8215156933719108,1.35901131959465,-1.4625043737772607,True
F0530,13,86,120,9.66,11.01901131959465,12.684344726019837,1.6653334064251872,15.113274304962315,1.35901131959465,3.0243447260198373,1.6653334064251872,False
F0530,14,120,133,9.66,12.684344726019837,11.86672792589069,-0.817616800129148,-6.4458733800567725,3.0243447260198373,2.2067279258906893,-0.817616800129148,True
F0530,15,133,163,9.66,11.86672792589069,14.598985496216915,2.732257570326226,23.024523587205685,2.2067279258906893,4.938985496216915,2.732257570326226,False
F0530,16,163,168,9.66,14.598985496216915,14.461192247069734,-0.13779324914718138,-0.9438549629553931,4.938985496216915,4.801192247069734,-0.13779324914718138,True
F0530,17,168,170,9.66,14.461192247069734,13.535266642800526,-0.9259256042692083,-6.402830336875081,4.801192247069734,3.8752666428005256,-0.9259256042692083,True
F0530,18,170,255,9.66,13.535266642800526,17.722882610219237,4.1876159674187114,30.938555389642985,3.8752666428005256,8.062882610219237,4.1876159674187114,False
F0530,19,255,277,9.66,17.722882610219237,16.210051179209493,-1.5128314310097437,-8.536034821657207,8.062882610219237,6.550051179209493,-1.5128314310097437,True
F0530,20,277,285,9.66,16.210051179209493,19.280813575223014,3.070762396013521,18.943570023714575,6.550051179209493,9.620813575223014,3.070762396013521,False
F0278,1,15,39,8.47,8.271967523814753,11.301479249775653,3.0295117259608997,36.623834864426435,0.19803247618524722,2.8314792497756525,2.6334467735904052,False
F0278,2,39,172,8.47,11.301479249775653,15.759399358183757,4.4579201084081035,39.445456739626344,2.8314792497756525,7.289399358183756,4.4579201084081035,False
F0278,3,172,207,8.47,15.759399358183757,16.13510537069736,0.3757060125136036,2.384012258173417,7.289399358183756,7.6651053706973595,0.3757060125136036,False
F0811,1,15,65,11.24,9.849171943181776,10.937719293342916,1.0885473501611393,11.05217125298235,1.3908280568182239,0.3022807066570845,-1.0885473501611393,True
F0811,2,65,103,11.24,10.937719293342916,11.446292278365497,0.5085729850225817,4.649716923455124,0.3022807066570845,0.20629227836549724,-0.09598842829158727,True
F0811,3,103,104,11.24,11.446292278365497,12.489821420179574,1.0435291418140764,9.116743801715064,0.20629227836549724,1.2498214201795736,1.0435291418140764,False
F0811,4,104,113,11.24,12.489821420179574,14.123302575051117,1.6334811548715429,13.078498882556941,1.2498214201795736,2.8833025750511165,1.6334811548715429,False
F0811,5,113,177,11.24,14.123302575051117,14.960577274482267,0.8372746994311502,5.9283209078179775,2.8833025750511165,3.7205772744822667,0.8372746994311502,False
F0811,6,177,193,11.24,14.960577274482267,14.490831029128945,-0.4697462453533223,-3.139893847241791,3.7205772744822667,3.2508310291289444,-0.4697462453533223,True
F0811,7,193,213,11.24,14.490831029128945,13.001924850418764,-1.488906178710181,-10.27481567977182,3.2508310291289444,1.7619248504187635,-1.488906178710181,True
F0811,8,213,270,11.24,13.001924850418764,16.65089209951155,3.648967249092788,28.064823409398976,1.7619248504187635,5.4108920995115515,3.648967249092788,False
F0811,9,270,281,11.24,16.65089209951155,17.69372538094882,1.042833281437268,6.262927386742595,5.4108920995115515,6.4537253809488195,1.042833281437268,False
F0811,10,281,296,11.24,17.69372538094882,18.272311762776653,0.578586381827833,3.2700088272580983,6.4537253809488195,7.0323117627766525,0.578586381827833,False
F0266,1,19,49,10.78,10.669564423740757,10.950741402793794,0.2811769790530363,2.635318255611183,0.11043557625924194,0.17074140279379435,0.06030582653455241,False
F0266,2,49,85,10.78,10.950741402793794,10.512629778540708,-0.4381116242530858,-4.0007485168201775,0.17074140279379435,0.26737022145929146,0.09662881866549711,False
F0266,3,85,103,10.78,10.512629778540708,12.910537494063941,2.3979077155232336,22.809779912710813,0.26737022145929146,2.130537494063942,1.8631672726046506,False
F0266,4,103,118,10.78,12.910537494063941,13.48407456314742,0.5735370690834785,4.442394976562221,2.130537494063942,2.7040745631474206,0.5735370690834785,False
F0266,5,118,129,10.78,13.48407456314742,11.696205549969699,-1.7878690131777208,-13.259115446187511,2.7040745631474206,0.9162055499696997,-1.7878690131777208,True
F0266,6,129,193,10.78,11.696205549969699,15.180376997598932,3.484171447629233,29.78890404023602,0.9162055499696997,4.400376997598933,3.484171447629233,False
F0266,7,193,217,10.78,15.180376997598932,15.540260873587568,0.35988387598863625,2.3707176445325358,4.400376997598933,4.760260873587569,0.35988387598863625,False
F0266,8,217,223,10.78,15.540260873587568,15.601038669758221,0.06077779617065282,0.391098943994895,4.760260873587569,4.821038669758222,0.06077779617065282,False
F0266,9,223,231,10.78,15.601038669758221,17.35193420369039,1.7508955339321695,11.222942080940975,4.821038669758222,6.571934203690391,1.7508955339321695,False
F0266,10,231,273,10.78,17.35193420369039,19.32848247828752,1.9765482745971283,11.390939196719396,6.571934203690391,8.54848247828752,1.9765482745971283,False
F0266,11,273,277,10.78,19.32848247828752,17.137598360953575,-2.190884117333944,-11.335003251264316,8.54848247828752,6.357598360953576,-2.190884117333944,True
F0266,12,277,284,10.78,17.137598360953575,15.976759573989272,-1.1608387869643035,-6.773637487089013,6.357598360953576,5.196759573989272,-1.1608387869643035,True
F0315,1,27,44,12.86,11.941558535746756,11.119068844989151,-0.8224896907576049,-6.88762432722247,0.9184414642532435,1.7409311550108484,0.8224896907576049,False
F0315,2,44,69,12.86,11.119068844989151,10.16498289855935,-0.9540859464298013,-8.58062810592061,1.7409311550108484,2.6950171014406497,0.9540859464298013,False
F0315,3,69,73,12.86,10.16498289855935,9.58001508182663,-0.5849678167327195,-5.754734883180424,2.6950171014406497,3.279984918173369,0.5849678167327195,False
F0315,4,73,100,12.86,9.58001508182663,9.901142967418235,0.3211278855916042,3.3520603344433826,3.279984918173369,2.958857032581765,-0.3211278855916042,True
F0315,5,100,182,12.86,9.901142967418235,17.23506299451727,7.333920027099037,74.07144863207029,2.958857032581765,4.375062994517272,1.416205961935507,False
F0315,6,182,190,12.86,17.23506299451727,13.17213894802094,-4.062924046496331,-23.573595569617627,4.375062994517272,0.3121389480209409,-4.062924046496331,True
F0315,7,190,209,12.86,13.17213894802094,15.40118727760969,2.2290483295887498,16.922447739010945,0.3121389480209409,2.5411872776096907,2.2290483295887498,False
F0315,8,209,241,12.86,15.40118727760969,14.752168509074867,-0.6490187685348232,-4.214082699184948,2.5411872776096907,1.8921685090748674,-0.6490187685348232,True
F0315,9,241,260,12.86,14.752168509074867,16.207310903644803,1.4551423945699362,9.863921996788463,1.8921685090748674,3.3473109036448037,1.4551423945699362,False
F0315,10,260,279,12.86,16.207310903644803,18.650924126443044,2.4436132227982412,15.077228032003173,3.3473109036448037,5.790924126443045,2.4436132227982412,False
F0315,11,279,298,12.86,18.650924126443044,17.470203855378376,-1.1807202710646685,-6.330626102278,5.790924126443045,4.610203855378376,-1.1807202710646685,True
F0903,1,25,46,8.16,7.674786497077727,12.562534561230756,4.887748064153029,63.685785474476745,0.4852135029222735,4.402534561230755,3.917321058308482,False
F0903,2,46,75,8.16,12.562534561230756,11.411216977456307,-1.151317583774448,-9.164691871396158,4.402534561230755,3.2512169774563073,-1.151317583774448,True
F0903,3,75,75,8.16,11.411216977456307,13.069557960356091,1.6583409828997837,14.53255149013429,3.2512169774563073,4.909557960356091,1.6583409828997837,False
F0903,4,75,100,8.16,13.069557960356091,12.250931548387129,-0.8186264119689621,-6.263612085826489,4.909557960356091,4.090931548387129,-0.8186264119689621,True
F0903,5,100,229,8.16,12.250931548387129,16.01757994070216,3.7666483923150302,30.745812083252726,4.090931548387129,7.857579940702159,3.7666483923150302,False
F0903,6,229,233,8.16,16.01757994070216,16.697582638044864,0.6800026973427045,4.2453522932934105,7.857579940702159,8.537582638044864,0.6800026973427045,False
F0903,7,233,247,8.16,16.697582638044864,17.071926220931793,0.3743435828869295,2.2419028610404994,8.537582638044864,8.911926220931793,0.3743435828869295,False
F0903,8,247,269,8.16,17.071926220931793,14.820405423383168,-2.2515207975486256,-13.188440299068589,8.911926220931793,6.6604054233831675,-2.2515207975486256,True
F0452,1,44,83,9.4,9.845135433968967,12.4712873638666,2.626151929897633,26.674614559760567,0.44513543396896615,3.071287363866599,2.626151929897633,False
F0452,2,83,84,9.4,12.4712873638666,11.530872519237471,-0.940414844629128,-7.54063968852019,3.071287363866599,2.130872519237471,-0.940414844629128,True
F0452,3,84,137,9.4,11.530872519237471,15.931435496907145,4.400562977669674,38.163313056562004,2.130872519237471,6.531435496907145,4.400562977669674,False
F0452,4,137,147,9.4,15.931435496907145,10.625503360578607,-5.305932136328538,-33.3047962775144,6.531435496907145,1.2255033605786068,-5.305932136328538,True
F0452,5,147,168,9.4,10.625503360578607,14.849154480178266,4.223651119599658,39.75012737062145,1.2255033605786068,5.449154480178265,4.223651119599658,False
F0452,6,168,176,9.4,14.849154480178266,13.209284722731967,-1.6398697574462986,-11.043522778588615,5.449154480178265,3.8092847227319666,-1.6398697574462986,True
F0452,7,176,178,9.4,13.209284722731967,12.588975985244083,-0.6203087374878837,-4.696005503010994,3.8092847227319666,3.188975985244083,-0.6203087374878837,True
F0452,8,178,181,9.4,12.588975985244083,13.471090010490773,0.8821140252466897,7.007035570491532,3.188975985244083,4.071090010490773,0.8821140252466897,False
F0446,1,55,55,12.81,11.264831110761211,8.847269746569458,-2.4175613641917533,-21.46114167554873,1.5451688892387896,3.962730253430543,2.4175613641917533,False
F0446,2,55,107,12.81,8.847269746569458,12.022774003456568,3.175504256887111,35.892476977074395,3.962730253430543,0.7872259965434321,-3.175504256887111,True
F0446,3,107,116,12.81,12.022774003456568,11.076313395721009,-0.9464606077355597,-7.872231545427459,0.7872259965434321,1.7336866042789918,0.9464606077355597,False
F0446,4,116,120,12.81,11.076313395721009,12.748463537451721,1.6721501417307127,15.096630819210082,1.7336866042789918,0.06153646254827905,-1.6721501417307127,True
F0446,5,120,154,12.81,12.748463537451721,15.43418582521874,2.6857222877670193,21.067027252947423,0.06153646254827905,2.62418582521874,2.562649362670461,False
F0446,6,154,166,12.81,15.43418582521874,15.88803291651909,0.45384709130035006,2.940531469815434,2.62418582521874,3.0780329165190903,0.45384709130035006,False
F0446,7,166,250,12.81,15.88803291651909,17.483541980440393,1.5955090639213019,10.04220643489743,3.0780329165190903,4.673541980440392,1.5955090639213019,False
F0679,1,23,61,10.7,11.845462774342167,11.457576151992935,-0.38788662234923166,-3.2745586199419114,1.1454627743421675,0.7575761519929358,-0.38788662234923166,True
F0679,2,61,83,10.7,11.457576151992935,12.04513641213796,0.5875602601450254,5.128137507886648,0.7575761519929358,1.3451364121379612,0.5875602601450254,False
F0679,3,83,102,10.7,12.04513641213796,12.731515681830443,0.6863792696924822,5.698393494330321,1.3451364121379612,2.0315156818304434,0.6863792696924822,False
F0679,4,102,141,10.7,12.731515681830443,10.181756440987963,-2.54975924084248,-20.02714605678351,2.0315156818304434,0.5182435590120367,-1.5132721228184067,True
F0679,5,141,142,10.7,10.181756440987963,14.119375926335136,3.9376194853471738,38.67328302507594,0.5182435590120367,3.419375926335137,2.9011323673231004,False
F0679,6,142,144,10.7,14.119375926335136,12.66670803123461,-1.452667895100527,-10.2884709825669,3.419375926335137,1.9667080312346101,-1.452667895100527,True
F0679,7,144,227,10.7,12.66670803123461,16.70790265749108,4.04119462625647,31.9040639153548,1.9667080312346101,6.00790265749108,4.04119462625647,False
F0679,8,227,239,10.7,16.70790265749108,15.575101255192628,-1.1328014022984512,-6.78003352976535,6.00790265749108,4.875101255192629,-1.1328014022984512,True
F0679,9,239,270,10.7,15.575101255192628,16.940234623941365,1.3651333687487366,8.76484426252838,4.875101255192629,6.240234623941365,1.3651333687487366,False
F0679,10,270,275,10.7,16.940234623941365,20.19259568908391,3.2523610651425443,19.1990319930164,6.240234623941365,9.49259568908391,3.2523610651425443,False
F0185,1,78,78,12.76,13.018825942822115,10.224686278610681,-2.794139664211434,-21.4623014124555,0.25882594282211535,2.5353137213893184,2.276487778567203,False
F0185,2,78,93,12.76,10.224686278610681,13.821765194037674,3.5970789154269927,35.180335292553934,2.5353137213893184,1.0617651940376742,-1.4735485273516442,True
F0185,3,93,115,12.76,13.821765194037674,13.66151624951888,-0.16024894451879312,-1.1593956507662282,1.0617651940376742,0.9015162495188811,-0.16024894451879312,True
F0185,4,115,160,12.76,13.66151624951888,14.185926849140358,0.5244105996214774,3.83859734193081,0.9015162495188811,1.4259268491403585,0.5244105996214774,False
F0185,5,160,231,12.76,14.185926849140358,18.224869626662827,4.038942777522468,28.471476135993335,1.4259268491403585,5.464869626662827,4.038942777522468,False
F0185,6,231,289,12.76,18.224869626662827,19.81326465733433,1.588395030671503,8.715535766289898,5.464869626662827,7.05326465733433,1.588395030671503,False
F0185,7,289,298,12.76,19.81326465733433,18.046608786736876,-1.7666558705974538,-8.916530925878922,7.05326465733433,5.286608786736876,-1.7666558705974538,True
F0347,1,9,13,11.07,11.187909712962819,9.789839238249632,-1.3980704747131867,-12.496261684104573,0.1179097129628186,1.280160761750368,1.1622510487875495,False
F0347,2,13,55,11.07,9.789839238249632,11.326118966826765,1.5362797285771332,15.69259403744623,1.280160761750368,0.25611896682676516,-1.024041794923603,True
F0347,3,55,82,11.07,11.326118966826765,13.151547556728838,1.8254285899020726,16.116982306548227,0.25611896682676516,2.0815475567288377,1.8254285899020726,False
F0347,4,82,129,11.07,13.151547556728838,14.34406657218901,1.1925190154601726,9.06751855868121,2.0815475567288377,3.2740665721890103,1.1925190154601726,False
F0347,5,129,142,11.07,14.34406657218901,12.457582838208285,-1.8864837339807252,-13.151666052905341,3.2740665721890103,1.387582838208285,-1.8864837339807252,True
F0347,6,142,148,11.07,12.457582838208285,13.34254766086194,0.8849648226536555,7.103824507105873,1.387582838208285,2.2725476608619406,0.8849648226536555,False
F0347,7,148,160,11.07,13.34254766086194,13.238823624324272,-0.1037240365376686,-0.7773930374775812,2.2725476608619406,2.168823624324272,-0.1037240365376686,True
F0347,8,160,195,11.07,13.238823624324272,15.36524011532619,2.126416491001917,16.061974623598417,2.168823624324272,4.295240115326189,2.126416491001917,False
F0347,9,195,196,11.07,15.36524011532619,12.77103067448202,-2.5942094408441694,-16.883624475588594,4.295240115326189,1.7010306744820198,-2.5942094408441694,True
F0347,10,196,210,11.07,12.77103067448202,17.17824112494239,4.407210450460369,34.50943438156859,1.7010306744820198,6.1082411249423885,4.407210450460369,False
F0347,11,210,210,11.07,17.17824112494239,15.982179750202926,-1.1960613747394628,-6.962653312642182,6.1082411249423885,4.912179750202926,-1.1960613747394628,True
F0347,12,210,219,11.07,15.982179750202926,11.917036377883804,-4.065143372319122,-25.435475234643807,4.912179750202926,0.8470363778838035,-4.065143372319122,True
F0347,13,219,235,11.07,11.917036377883804,16.988327700546183,5.071291322662379,42.55497056360355,0.8470363778838035,5.9183277005461825,5.071291322662379,False
F0347,14,235,248,11.07,16.988327700546183,16.61147653629957,-0.376851164246613,-2.2182946484750063,5.9183277005461825,5.5414765362995695,-0.376851164246613,True
F0347,15,248,249,11.07,16.61147653629957,16.440364208425837,-0.17111232787373254,-1.0300849987646559,5.5414765362995695,5.370364208425837,-0.17111232787373254,True
F0722,1,40,75,10.07,10.294694182827179,12.650144261484659,2.35545007865748,22.88023361186058,0.22469418282717868,2.5801442614846586,2.35545007865748,False
F0722,2,75,79,10.07,12.650144261484659,8.767897532857765,-3.8822467286268942,-30.68934747603631,2.5801442614846586,1.3021024671422357,-1.278041794342423,True
F0722,3,79,103,10.07,8.767897532857765,13.305815178167885,4.53791764531012,51.756052443635866,1.3021024671422357,3.2358151781678846,1.933712711025649,False
F0722,4,103,170,10.07,13.305815178167885,16.50033414549739,3.194518967329506,24.00844235812817,3.2358151781678846,6.43033414549739,3.194518967329506,False
F0722,5,170,182,10.07,16.50033414549739,14.015014031410262,-2.485320114087129,-15.06224111688867,6.43033414549739,3.9450140314102615,-2.485320114087129,True
F0722,6,182,202,10.07,14.015014031410262,12.636784466491152,-1.3782295649191099,-9.833950660557601,3.9450140314102615,2.5667844664911517,-1.3782295649191099,True
F0722,7,202,211,10.07,12.636784466491152,16.60032738166229,3.9635429151711374,31.365122398670554,2.5667844664911517,6.530327381662289,3.9635429151711374,False
F0722,8,211,243,10.07,16.60032738166229,17.50755515710358,0.9072277754412923,5.4651197809717305,6.530327381662289,7.437555157103581,0.9072277754412923,False
F0722,9,243,253,10.07,17.50755515710358,18.435376563113174,0.927821406009592,5.299548667325684,7.437555157103581,8.365376563113173,0.927821406009592,False
F0722,10,253,256,10.07,18.435376563113174,15.596342548778889,-2.8390340143342847,-15.39992418714586,8.365376563113173,5.526342548778889,-2.8390340143342847,True
F0722,11,256,277,10.07,15.596342548778889,19.075981047103415,3.479638498324526,22.310605755430547,5.526342548778889,9.005981047103415,3.479638498324526,False
F0693,1,41,42,11.55,12.094464105236826,9.863884412023587,-2.2305796932132385,-18.44298080348522,0.5444641052368251,1.6861155879764134,1.1416514827395883,False
F0693,2,42,61,11.55,9.863884412023587,12.124999688222935,2.261115276199348,22.923172877443296,1.6861155879764134,0.5749996882229347,-1.1111158997534787,True
F0693,3,61,154,11.55,12.124999688222935,11.684768732449546,-0.440230955773389,-3.630770862625153,0.5749996882229347,0.13476873244954568,-0.440230955773389,True
F0693,4,154,220,11.55,11.684768732449546,14.592884148415786,2.9081154159662397,24.888087069196057,0.13476873244954568,3.0428841484157854,2.9081154159662397,False
F0693,5,220,269,11.55,14.592884148415786,17.884403058608903,3.2915189101931173,22.55564339932382,3.0428841484157854,6.334403058608903,3.2915189101931173,False
F0693,6,269,288,11.55,17.884403058608903,17.054244179480236,-0.8301588791286676,-4.641803678927149,6.334403058608903,5.504244179480235,-0.8301588791286676,True
F0313,1,3,38,11.39,10.516444411645308,10.209420004312568,-0.30702440733274017,-2.9194696925584367,0.8735555883546926,1.1805799956874328,0.30702440733274017,False
F0313,2,38,65,11.39,10.209420004312568,10.140448192194988,-0.06897181211757974,-0.6755703270944413,1.1805799956874328,1.2495518078050125,0.06897181211757974,False
F0313,3,65,107,11.39,10.140448192194988,13.95252586915646,3.812077676961472,37.59279279091031,1.2495518078050125,2.5625258691564596,1.3129740613514471,False
F0313,4,107,116,11.39,13.95252586915646,12.792970549304078,-1.159555319852382,-8.310719727212277,2.5625258691564596,1.4029705493040776,-1.159555319852382,True
F0313,5,116,120,11.39,12.792970549304078,12.58740022506434,-0.20557032423973887,-1.6069006291187127,1.4029705493040776,1.1974002250643387,-0.20557032423973887,True
F0313,6,120,148,11.39,12.58740022506434,14.816656589726083,2.229256364661744,17.710220735039425,1.1974002250643387,3.4266565897260826,2.229256364661744,False
F0313,7,148,173,11.39,14.816656589726083,13.178105045277936,-1.6385515444481467,-11.058848091170065,3.4266565897260826,1.788105045277936,-1.6385515444481467,True
F0313,8,173,191,11.39,13.178105045277936,17.171706125814083,3.9936010805361466,30.304820509585777,1.788105045277936,5.7817061258140825,3.9936010805361466,False
F0313,9,191,213,11.39,17.171706125814083,15.627697883478426,-1.5440082423356571,-8.991583195187358,5.7817061258140825,4.237697883478425,-1.5440082423356571,True
F0313,10,213,263,11.39,15.627697883478426,18.090472025698112,2.4627741422196863,15.759033483897372,4.237697883478425,6.700472025698112,2.4627741422196863,False
F0313,11,263,270,11.39,18.090472025698112,18.139276887205433,0.04880486150732111,0.26978213414217267,6.700472025698112,6.749276887205433,0.04880486150732111,False
F0313,12,270,276,11.39,18.139276887205433,15.719407322558407,-2.4198695646470263,-13.340496314678813,6.749276887205433,4.329407322558406,-2.4198695646470263,True
F0313,13,276,294,11.39,15.719407322558407,18.513153838808215,2.793746516249808,17.772594468244318,4.329407322558406,7.123153838808214,2.793746516249808,False
F0409,1,18,138,12.6,11.35905318608919,13.92311122302377,2.564058036934581,22.572814784199114,1.24094681391081,1.323111223023771,0.08216440911296097,False
F0409,2,138,143,12.6,13.92311122302377,13.842103914673382,-0.08100730835038839,-0.5818190133856843,1.323111223023771,1.2421039146733825,-0.08100730835038839,True
F0409,3,143,170,12.6,13.842103914673382,14.874544069165193,1.0324401544918107,7.458693857928404,1.2421039146733825,2.2745440691651932,1.0324401544918107,False
F0409,4,170,222,12.6,14.874544069165193,15.639803637960819,0.7652595687956261,5.144759834232518,2.2745440691651932,3.0398036379608193,0.7652595687956261,False
F0409,5,222,256,12.6,15.639803637960819,14.079328908272231,-1.560474729688588,-9.977585178250031,3.0398036379608193,1.4793289082722314,-1.560474729688588,True
F0409,6,256,291,12.6,14.079328908272231,18.150005228521515,4.070676320249284,28.912431457280473,1.4793289082722314,5.550005228521515,4.070676320249284,False
F0437,1,4,6,8.05,8.647441378053383,9.467046282359586,0.8196049043062033,9.478004747003023,0.5974413780533823,1.4170462823595855,0.8196049043062033,False
F0437,2,6,14,8.05,9.467046282359586,9.70046225928487,0.2334159769252846,2.465562858398824,1.4170462823595855,1.6504622592848701,0.2334159769252846,False
F0437,3,14,15,8.05,9.70046225928487,8.813622284779203,-0.8868399745056674,-9.142244470430487,1.6504622592848701,0.7636222847792027,-0.8868399745056674,True
F0437,4,15,82,8.05,8.813622284779203,10.932007577794375,2.118385293015171,24.035353735019296,0.7636222847792027,2.882007577794374,2.118385293015171,False
F0437,5,82,93,8.05,10.932007577794375,11.348299020919946,0.4162914431255711,3.8080054387371858,2.882007577794374,3.298299020919945,0.4162914431255711,False
F0437,6,93,119,8.05,11.348299020919946,14.040082871040646,2.6917838501207,23.719712048110022,3.298299020919945,5.990082871040645,2.6917838501207,False
F0437,7,119,129,8.05,14.040082871040646,14.025692446366783,-0.014390424673862867,-0.10249529725743176,5.990082871040645,5.975692446366782,-0.014390424673862867,True
F0437,8,129,149,8.05,14.025692446366783,12.102558341311195,-1.9231341050555883,-13.71150916369735,5.975692446366782,4.052558341311194,-1.9231341050555883,True
F0437,9,149,180,8.05,12.102558341311195,14.872659174448026,2.7701008331368318,22.88855591533317,4.052558341311194,6.822659174448026,2.7701008331368318,False
F0437,10,180,194,8.05,14.872659174448026,14.482971666671753,-0.3896875077762729,-2.620160276689293,6.822659174448026,6.432971666671753,-0.3896875077762729,True
F0437,11,194,198,8.05,14.482971666671753,16.540623823119383,2.057652156447629,14.207389227879958,6.432971666671753,8.490623823119382,2.057652156447629,False
F0437,12,198,222,8.05,16.540623823119383,15.371837458853886,-1.1687863642654968,-7.066156493032899,8.490623823119382,7.321837458853885,-1.1687863642654968,True
F0437,13,222,259,8.05,15.371837458853886,16.81027663666563,1.4384391778117447,9.357626774691344,7.321837458853885,8.76027663666563,1.4384391778117447,False
F0437,14,259,289,8.05,16.81027663666563,17.78712752945031,0.9768508927846788,5.811034011504764,8.76027663666563,9.737127529450309,0.9768508927846788,False
F0437,15,289,298,8.05,17.78712752945031,19.195667521641134,1.4085399921908248,7.918872734558699,9.737127529450309,11.145667521641133,1.4085399921908248,False
F0282,1,2,37,9.04,8.921161969300634,10.32476459377569,1.403602624475056,15.733405909511694,0.11883803069936505,1.2847645937756909,1.1659265630763258,False
F0282,2,37,41,9.04,10.32476459377569,9.51816078417194,-0.8066038096037502,-7.812321552493443,1.2847645937756909,0.47816078417194063,-0.8066038096037502,True
F0282,3,41,68,9.04,9.51816078417194,12.676997400186368,3.158836616014428,33.18746854189898,0.47816078417194063,3.6369974001863685,3.158836616014428,False
F0282,4,68,100,9.04,12.676997400186368,12.040378557049664,-0.6366188431367039,-5.021842499765321,3.6369974001863685,3.0003785570496646,-0.6366188431367039,True
F0282,5,100,104,9.04,12.040378557049664,11.792958756175722,-0.2474198008739421,-2.0549171249194433,3.0003785570496646,2.7529587561757225,-0.2474198008739421,True
F0282,6,104,117,9.04,11.792958756175722,9.846644146217963,-1.9463146099577582,-16.504039827481925,2.7529587561757225,0.8066441462179643,-1.9463146099577582,True
F0282,7,117,144,9.04,9.846644146217963,11.461455779203682,1.6148116329857185,16.39961401068767,0.8066441462179643,2.421455779203683,1.6148116329857185,False
F0282,8,144,200,9.04,11.461455779203682,15.489739005907978,4.028283226704296,35.146348808616814,2.421455779203683,6.449739005907979,4.028283226704296,False
F0282,9,200,221,9.04,15.489739005907978,13.015647314508174,-2.4740916913998046,-15.972455639544059,6.449739005907979,3.9756473145081745,-2.4740916913998046,True
F0282,10,221,295,9.04,13.015647314508174,17.729627190955203,4.713979876447029,36.21779049892117,3.9756473145081745,8.689627190955203,4.713979876447029,False
F0830,1,1,12,8.47,8.252261735653946,7.592966273843695,-0.6592954618102507,-7.9892698866028535,0.21773826434605503,0.8770337261563057,0.6592954618102507,False
F0830,2,12,33,8.47,7.592966273843695,11.358684617794236,3.7657183439505406,49.59482510705618,0.8770337261563057,2.888684617794235,2.011650891637929,False
F0830,3,33,60,8.47,11.358684617794236,12.106040030818987,0.7473554130247511,6.579594716926664,2.888684617794235,3.636040030818986,0.7473554130247511,False
F0830,4,60,87,8.47,12.106040030818987,13.778453214296158,1.6724131834771718,13.814700589289489,3.636040030818986,5.308453214296158,1.6724131834771718,False
F0830,5,87,127,8.47,13.778453214296158,14.112862526738711,0.3344093124425527,2.4270453819560704,5.308453214296158,5.6428625267387105,0.3344093124425527,False
F0830,6,127,163,8.47,14.112862526738711,13.211267403814338,-0.9015951229243733,-6.388463865613233,5.6428625267387105,4.741267403814337,-0.9015951229243733,True
F0830,7,163,179,8.47,13.211267403814338,12.68369437007144,-0.5275730337428985,-3.9933567130022545,4.741267403814337,4.213694370071439,-0.5275730337428985,True
F0830,8,179,187,8.47,12.68369437007144,11.89461970749614,-0.7890746625752989,-6.221173733397476,4.213694370071439,3.4246197074961398,-0.7890746625752989,True
F0830,9,187,206,8.47,11.89461970749614,15.934990874179332,4.040371166683192,33.968056701610216,3.4246197074961398,7.464990874179332,4.040371166683192,False
F0830,10,206,255,8.47,15.934990874179332,15.93603935385956,0.0010484796802270324,0.006579731915165156,7.464990874179332,7.466039353859559,0.0010484796802270324,False
F0830,11,255,261,8.47,15.93603935385956,16.21389219305865,0.27785283919909176,1.743550157158707,7.466039353859559,7.743892193058651,0.27785283919909176,False
F0830,12,261,287,8.47,16.21389219305865,17.8548521791567,1.64095998609805,10.120703693839554,7.743892193058651,9.3848521791567,1.64095998609805,False
F0830,13,287,292,8.47,17.8548521791567,18.346751446733997,0.4918992675772955,2.7549893028603516,9.3848521791567,9.876751446733996,0.4918992675772955,False
F0236,1,17,35,10.93,9.253904402930782,11.410115266966173,2.1562108640353905,23.300552611636036,1.6760955970692173,0.48011526696617324,-1.195980330103044,True
F0236,2,35,92,10.93,11.410115266966173,10.905781094799048,-0.5043341721671251,-4.420062027131669,0.48011526696617324,0.024218905200951824,-0.4558963617652214,True
F0236,3,92,120,10.93,10.905781094799048,15.61937723607607,4.713596141277023,43.22107788799218,0.024218905200951824,4.689377236076071,4.665158330875119,False
F0236,4,120,192,10.93,15.61937723607607,14.890306605279713,-0.7290706307963575,-4.66773175253379,4.689377236076071,3.9603066052797136,-0.7290706307963575,True
F0236,5,192,194,10.93,14.890306605279713,14.05051833826605,-0.8397882670136632,-5.639831934124824,3.9603066052797136,3.1205183382660504,-0.8397882670136632,True
F0236,6,194,196,10.93,14.05051833826605,16.362984693961003,2.312466355694953,16.458228088262334,3.1205183382660504,5.432984693961004,2.312466355694953,False
F0236,7,196,240,10.93,16.362984693961003,14.455501314498193,-1.9074833794628105,-11.657307118100494,5.432984693961004,3.525501314498193,-1.9074833794628105,True
F0236,8,240,295,10.93,14.455501314498193,19.080925563393055,4.625424248894863,31.99767443731459,3.525501314498193,8.150925563393056,4.625424248894863,False
F0236,9,295,296,10.93,19.080925563393055,17.04744766599176,-2.033477897401294,-10.65712399875686,8.150925563393056,6.117447665991762,-2.033477897401294,True
F0880,1,2,15,6.3,8.05405053855765,10.32624814147898,2.272197602921329,28.211861746378396,1.7540505385576504,4.0262481414789795,2.272197602921329,False
F0880,2,15,32,6.3,10.32624814147898,9.574425820209886,-0.7518223212690938,-7.280691989660185,4.0262481414789795,3.2744258202098857,-0.7518223212690938,True
F0880,3,32,47,6.3,9.574425820209886,10.75422146760895,1.1797956473990645,12.322364490084917,3.2744258202098857,4.45422146760895,1.1797956473990645,False
F0880,4,47,54,6.3,10.75422146760895,6.46541167216426,-4.28880979544469,-39.8802443148704,4.45422146760895,0.16541167216426,-4.28880979544469,True
F0880,5,54,125,6.3,6.46541167216426,10.963933570694511,4.498521898530251,69.57827477402373,0.16541167216426,4.663933570694511,4.498521898530251,False
F0880,6,125,199,6.3,10.963933570694511,15.657980928589078,4.694047357894567,42.81353336945858,4.663933570694511,9.357980928589079,4.694047357894568,False
F0880,7,199,232,6.3,15.657980928589078,16.922540547840036,1.2645596192509583,8.076134624369518,9.357980928589079,10.622540547840035,1.2645596192509565,False
F0880,8,232,251,6.3,16.922540547840036,16.419367804823366,-0.5031727430166697,-2.9733877226897456,10.622540547840035,10.119367804823366,-0.5031727430166697,True
F0618,1,18,77,9.32,10.100361936812794,11.84781024043927,1.7474483036264754,17.300848371161333,0.7803619368127936,2.527810240439269,1.7474483036264754,False
F0618,2,77,85,9.32,11.84781024043927,13.233945757942776,1.3861355175035062,11.699508089455303,2.527810240439269,3.913945757942775,1.3861355175035062,False
F0618,3,85,110,9.32,13.233945757942776,12.6661152979724,-0.5678304599703754,-4.290711707274256,3.913945757942775,3.3461152979724,-0.5678304599703754,True
F0618,4,110,112,9.32,12.6661152979724,10.892736275184655,-1.7733790227877453,-14.000970155953254,3.3461152979724,1.5727362751846545,-1.7733790227877453,True
F0618,5,112,114,9.32,10.892736275184655,13.06436689175688,2.171630616572225,19.936502286569965,1.5727362751846545,3.7443668917568793,2.171630616572225,False
F0618,6,114,174,9.32,13.06436689175688,13.82939877742928,0.7650318856723999,5.855866510876282,3.7443668917568793,4.509398777429279,0.7650318856723999,False
F0618,7,174,176,9.32,13.82939877742928,14.627763374287476,0.798364596858196,5.772952314898845,4.509398777429279,5.307763374287475,0.798364596858196,False
F0618,8,176,203,9.32,14.627763374287476,15.312156509599047,0.6843931353115718,4.678727142350351,5.307763374287475,5.992156509599047,0.6843931353115718,False
F0618,9,203,258,9.32,15.312156509599047,18.84705388594932,3.5348973763502745,23.085561946380842,5.992156509599047,9.527053885949321,3.5348973763502745,False
F0618,10,258,290,9.32,18.84705388594932,18.825738125669762,-0.021315760279559726,-0.11309863286086771,9.527053885949321,9.505738125669762,-0.021315760279559726,True
F0602,1,12,74,11.41,11.706430144231296,12.48674522060935,0.780315076378054,6.665696260636538,0.2964301442312962,1.0767452206093502,0.780315076378054,False
F0602,2,74,75,11.41,12.48674522060935,10.863314947314954,-1.623430273294396,-13.001228459558279,1.0767452206093502,0.5466850526850457,-0.5300601679243044,True
F0602,3,75,81,11.41,10.863314947314954,13.035074356639122,2.1717594093241672,19.991682279827053,0.5466850526850457,1.6250743566391215,1.0783893039540757,False
F0602,4,81,119,11.41,13.035074356639122,13.31005560997364,0.27498125333451817,2.1095487897578633,1.6250743566391215,1.9000556099736396,0.27498125333451817,False
F0602,5,119,173,11.41,13.31005560997364,15.090089110203213,1.7800335002295729,13.373599272536008,1.9000556099736396,3.6800891102032125,1.7800335002295729,False
F0602,6,173,193,11.41,15.090089110203213,14.457135504280437,-0.6329536059227756,-4.194498795204608,3.6800891102032125,3.047135504280437,-0.6329536059227756,True
F0602,7,193,195,11.41,14.457135504280437,16.075867836544973,1.6187323322645355,11.196770838768613,3.047135504280437,4.665867836544972,1.6187323322645355,False
F0602,8,195,195,11.41,16.075867836544973,16.691305399981097,0.6154375634361244,3.8283318181868955,4.665867836544972,5.281305399981097,0.6154375634361244,False
F0602,9,195,225,11.41,16.691305399981097,14.471373438294032,-2.219931961687065,-13.299930164177448,5.281305399981097,3.061373438294032,-2.219931961687065,True
F0602,10,225,241,11.41,14.471373438294032,12.902430072430713,-1.5689433658633192,-10.841703260255823,3.061373438294032,1.4924300724307127,-1.5689433658633192,True
F0602,11,241,276,11.41,12.902430072430713,18.019634179613295,5.117204107182582,39.6607776864978,1.4924300724307127,6.609634179613295,5.117204107182582,False
F0333,1,12,36,8.7,7.572690703366049,7.953471023289243,0.3807803199231943,5.028335829877985,1.1273092966339506,0.7465289767107564,-0.3807803199231943,True
F0333,2,36,36,8.7,7.953471023289243,10.893336733118035,2.9398657098287924,36.96330446443218,0.7465289767107564,2.193336733118036,1.4468077564072797,False
F0333,3,36,101,8.7,10.893336733118035,11.736325197270904,0.8429884641528691,7.73856977715567,2.193336733118036,3.036325197270905,0.8429884641528691,False
F0333,4,101,117,8.7,11.736325197270904,12.203463931657609,0.4671387343867046,3.9802811061790475,3.036325197270905,3.5034639316576097,0.4671387343867046,False
F0333,5,117,131,8.7,12.203463931657609,12.090765906482268,-0.11269802517534089,-0.9234920986899906,3.5034639316576097,3.390765906482269,-0.11269802517534089,True
F0333,6,131,157,8.7,12.090765906482268,14.49733173041597,2.406565823933702,19.904163578615485,3.390765906482269,5.797331730415971,2.406565823933702,False
F0333,7,157,213,8.7,14.49733173041597,15.846253014961293,1.3489212845453231,9.304617633293397,5.797331730415971,7.146253014961294,1.3489212845453231,False
F0333,8,213,264,8.7,15.846253014961293,15.612184609349413,-0.2340684056118807,-1.4771214708668619,7.146253014961294,6.9121846093494135,-0.2340684056118807,True
F0031,1,13,23,9.76,9.321581033264295,6.646277415092491,-2.675303618171804,-28.700105793479842,0.43841896673570524,3.113722584907509,2.675303618171804,False
F0031,2,23,74,9.76,6.646277415092491,10.511263884962236,3.864986469869746,58.15265040085541,3.113722584907509,0.7512638849622366,-2.3624586999452726,True
F0031,3,74,79,9.76,10.511263884962236,10.576158199096561,0.06489431413432456,0.6173787933072875,0.7512638849622366,0.8161581990965612,0.06489431413432456,False
F0031,4,79,90,9.76,10.576158199096561,8.607571456188559,-1.968586742908002,-18.613438886307158,0.8161581990965612,1.1524285438114408,0.3362703447148796,False
F0031,5,90,109,9.76,8.607571456188559,14.240973683098085,5.633402226909526,65.4470573446044,1.1524285438114408,4.480973683098085,3.3285451392866445,False
F0031,6,109,110,9.76,14.240973683098085,13.570841007948717,-0.6701326751493681,-4.705666129730412,4.480973683098085,3.810841007948717,-0.6701326751493681,True
F0031,7,110,111,9.76,13.570841007948717,12.381585575202646,-1.1892554327460712,-8.763314167850762,3.810841007948717,2.621585575202646,-1.1892554327460712,True
F0031,8,111,147,9.76,12.381585575202646,11.851708955836196,-0.5298766193664495,-4.279553827319706,2.621585575202646,2.0917089558361965,-0.5298766193664495,True
F0031,9,147,162,9.76,11.851708955836196,12.27699044313776,0.42528148730156445,3.5883558133794784,2.0917089558361965,2.516990443137761,0.42528148730156445,False
F0031,10,162,172,9.76,12.27699044313776,12.96534710993525,0.688356666797489,5.6068844395187,2.516990443137761,3.20534710993525,0.688356666797489,False
F0031,11,172,190,9.76,12.96534710993525,15.343450490740228,2.378103380804978,18.341995479493605,3.20534710993525,5.583450490740228,2.378103380804978,False
F0031,12,190,210,9.76,15.343450490740228,14.187595437210959,-1.1558550535292689,-7.533214606628589,5.583450490740228,4.427595437210959,-1.1558550535292689,True
F0031,13,210,256,9.76,14.187595437210959,15.129306489149108,0.9417110519381495,6.637566288845871,4.427595437210959,5.369306489149109,0.9417110519381495,False
F0031,14,256,274,9.76,15.129306489149108,18.57277906712597,3.4434725779768627,22.760280389894646,5.369306489149109,8.812779067125971,3.4434725779768627,False
F0651,1,57,58,10.84,9.81368083322092,12.374766326271022,2.5610854930501024,26.097093807864706,1.0263191667790803,1.534766326271022,0.5084471594919417,False
F0651,2,58,62,10.84,12.374766326271022,9.150023782714747,-3.2247425435562747,-26.059017669774537,1.534766326271022,1.6899762172852526,0.15520989101423055,False
F0651,3,62,74,10.84,9.150023782714747,11.29649214317623,2.1464683604614834,23.45860963242919,1.6899762172852526,0.45649214317623077,-1.2334840741090218,True
F0651,4,74,101,10.84,11.29649214317623,12.487065601707158,1.1905734585309276,10.539320024668953,0.45649214317623077,1.6470656017071583,1.1905734585309276,False
F0651,5,101,109,10.84,12.487065601707158,11.684380568991598,-0.8026850327155604,-6.428131783065366,1.6470656017071583,0.844380568991598,-0.8026850327155604,True
F0651,6,109,149,10.84,11.684380568991598,13.40430109871294,1.7199205297213425,14.719826349081144,0.844380568991598,2.5643010987129404,1.7199205297213425,False
F0651,7,149,247,10.84,13.40430109871294,15.880709235027702,2.4764081363147614,18.47472776146861,2.5643010987129404,5.040709235027702,2.4764081363147614,False
F0651,8,247,262,10.84,15.880709235027702,18.35495358025141,2.4742443452237097,15.580187941268568,5.040709235027702,7.514953580251412,2.4742443452237097,False
F0651,9,262,278,10.84,18.35495358025141,17.723129065989667,-0.6318245142617442,-3.4422561272044905,7.514953580251412,6.883129065989667,-0.6318245142617442,True
F0026,1,76,82,10.47,10.891777923837662,11.081904629998526,0.19012670616086425,1.7455984458217273,0.4217779238376611,0.6119046299985254,0.19012670616086425,False
F0026,2,82,88,10.47,11.081904629998526,12.648911200704928,1.5670065707064023,14.140227903284263,0.6119046299985254,2.1789112007049276,1.5670065707064023,False
F0026,3,88,158,10.47,12.648911200704928,13.398254246366314,0.7493430456613854,5.924170339812522,2.1789112007049276,2.928254246366313,0.7493430456613854,False
F0026,4,158,158,10.47,13.398254246366314,13.739848805355987,0.34159455898967295,2.549545281858757,2.928254246366313,3.269848805355986,0.34159455898967295,False
F0026,5,158,187,10.47,13.739848805355987,12.549858404172515,-1.189990401183472,-8.660869693992536,3.269848805355986,2.079858404172514,-1.189990401183472,True
F0026,6,187,247,10.47,12.549858404172515,16.59597925903987,4.046120854867354,32.240370564835374,2.079858404172514,6.125979259039868,4.046120854867354,False
F0026,7,247,249,10.47,16.59597925903987,17.092417955652426,0.49643869661255735,2.9913190952088353,6.125979259039868,6.622417955652425,0.49643869661255735,False
F0026,8,249,284,10.47,17.092417955652426,18.763206644201897,1.6707886885494716,9.775028277944404,6.622417955652425,8.293206644201897,1.6707886885494716,False
F0068,1,25,46,9.39,8.706605572497557,10.427930385765855,1.7213248132682981,19.770331835240388,0.683394427502444,1.0379303857658542,0.3545359582634102,False
F0068,2,46,132,9.39,10.427930385765855,13.472507206024384,3.044576820258529,29.196366945586654,1.0379303857658542,4.082507206024383,3.044576820258529,False
F0068,3,132,150,9.39,13.472507206024384,12.448527348075318,-1.0239798579490653,-7.600514457258417,4.082507206024383,3.0585273480753177,-1.0239798579490653,True
F0068,4,150,161,9.39,12.448527348075318,13.321977177901529,0.8734498298262103,7.01649123148093,3.0585273480753177,3.931977177901528,0.8734498298262103,False
F0068,5,161,186,9.39,13.321977177901529,14.14306520612087,0.8210880282193411,6.163409659501297,3.931977177901528,4.753065206120869,0.8210880282193411,False
F0068,6,186,217,9.39,14.14306520612087,14.865284193420399,0.722218987299529,5.106523775248985,4.753065206120869,5.475284193420398,0.722218987299529,False
F0068,7,217,245,9.39,14.865284193420399,15.883541504486232,1.0182573110658328,6.849901406637951,5.475284193420398,6.493541504486231,1.0182573110658328,False
F0068,8,245,297,9.39,15.883541504486232,17.643247464834076,1.7597059603478442,11.078801033452292,6.493541504486231,8.253247464834075,1.7597059603478442,False
F0310,1,99,123,14.39,13.225874869501295,12.894784147208616,-0.33109072229267866,-2.5033559258614324,1.1641251304987055,1.4952158527913841,0.33109072229267866,False
F0310,2,123,128,14.39,12.894784147208616,13.117730833380415,0.2229466861717988,1.7289679581031292,1.4952158527913841,1.2722691666195853,-0.2229466861717988,True
F0310,3,128,277,14.39,13.117730833380415,20.211914255130893,7.094183421750477,54.08087352804996,1.2722691666195853,5.821914255130892,4.549645088511307,False
F0555,1,60,60,10.81,10.283020439729471,10.65881385447172,0.37579341474224925,3.654504208611062,0.5269795602705294,0.15118614552828014,-0.37579341474224925,True
F0555,2,60,98,10.81,10.65881385447172,12.55115800754757,1.8923441530758502,17.75379680058818,0.15118614552828014,1.74115800754757,1.58997186201929,False
F0555,3,98,148,10.81,12.55115800754757,14.088180927010933,1.5370229194633627,12.246064614429061,1.74115800754757,3.2781809270109328,1.5370229194633627,False
F0555,4,148,169,10.81,14.088180927010933,13.436258372195695,-0.6519225548152381,-4.627443090011163,3.2781809270109328,2.6262583721956947,-0.6519225548152381,True
F0555,5,169,178,10.81,13.436258372195695,15.143460154251363,1.7072017820556677,12.705931478576385,2.6262583721956947,4.333460154251362,1.7072017820556677,False
F0555,6,178,200,10.81,15.143460154251363,16.128581662273184,0.9851215080218214,6.505260343325558,4.333460154251362,5.318581662273184,0.9851215080218214,False
F0555,7,200,220,10.81,16.128581662273184,14.687493557765174,-1.44108810450801,-8.93499586438465,5.318581662273184,3.877493557765174,-1.44108810450801,True
F0555,8,220,267,10.81,14.687493557765174,16.746392364344718,2.0588988065795437,14.018040576371988,3.877493557765174,5.936392364344718,2.0588988065795437,False
F0555,9,267,275,10.81,16.746392364344718,17.646036434213006,0.8996440698682875,5.372166436179702,5.936392364344718,6.836036434213005,0.8996440698682875,False
F0555,10,275,283,10.81,17.646036434213006,16.85145573657072,-0.7945806976422851,-4.502884829715714,6.836036434213005,6.04145573657072,-0.7945806976422851,True
F0738,1,82,109,14.08,13.505691779032773,12.553693955040483,-0.9519978239922899,-7.048863838801958,0.574308220967227,1.526306044959517,0.9519978239922899,False
F0738,2,109,119,14.08,12.553693955040483,13.203145238077393,0.6494512830369104,5.173387891745971,1.526306044959517,0.8768547619226066,-0.6494512830369104,True
F0738,3,119,128,14.08,13.203145238077393,10.447133843826428,-2.756011394250965,-20.87390045746621,0.8768547619226066,3.632866156173572,2.756011394250965,False
F0738,4,128,153,14.08,10.447133843826428,12.052441314643787,1.6053074708173583,15.366008465240347,3.632866156173572,2.0275586853562135,-1.6053074708173583,True
F0738,5,153,297,14.08,12.052441314643787,19.058067392281878,7.005626077638091,58.1261994540991,2.0275586853562135,4.9780673922818774,2.950508706925664,False
F0801,1,56,70,10.94,11.030050084892894,10.105199974606585,-0.9248501102863091,-8.384822400335363,0.09005008489289423,0.8348000253934149,0.7447499405005207,False
F0801,2,70,96,10.94,10.105199974606585,13.697506726493494,3.592306751886909,35.54909117003164,0.8348000253934149,2.757506726493494,1.9227067011000791,False
F0801,3,96,101,10.94,13.697506726493494,13.46500753644168,-0.2324991900518132,-1.6973832880265505,2.757506726493494,2.525007536441681,-0.2324991900518132,True
F0801,4,101,105,10.94,13.46500753644168,11.496317800784121,-1.9686897356575592,-14.620784506280444,2.525007536441681,0.5563178007841216,-1.9686897356575592,True
F0801,5,105,116,10.94,11.496317800784121,12.710924010925773,1.2146062101416515,10.565176008432958,0.5563178007841216,1.7709240109257731,1.2146062101416515,False
F0801,6,116,184,10.94,12.710924010925773,14.869324766287889,2.1584007553621163,16.980675468650794,1.7709240109257731,3.9293247662878894,2.1584007553621163,False
F0801,7,184,211,10.94,14.869324766287889,16.37338965430345,1.5040648880155594,10.11521983449856,3.9293247662878894,5.433389654303449,1.5040648880155594,False
F0801,8,211,247,10.94,16.37338965430345,17.83999361241615,1.466603958112703,8.957240920039016,5.433389654303449,6.899993612416152,1.466603958112703,False
F0544,1,10,12,8.97,8.578061457966417,11.885660368183444,3.3075989102170276,38.558815723397174,0.3919385420335839,2.9156603681834437,2.5237218261498597,False
F0544,2,12,18,8.97,11.885660368183444,9.990791718797624,-1.8948686493858204,-15.942476822391521,2.9156603681834437,1.0207917187976232,-1.8948686493858204,True
F0544,3,18,23,8.97,9.990791718797624,7.259182457732823,-2.7316092610648006,-27.34126922018894,1.0207917187976232,1.7108175422671774,0.6900258234695542,False
F0544,4,23,137,8.97,7.259182457732823,12.383588173194372,5.124405715461549,70.5920500731152,1.7108175422671774,3.4135881731943716,1.7027706309271942,False
F0544,5,137,186,8.97,12.383588173194372,13.237568636429081,0.8539804632347092,6.8960664008776,3.4135881731943716,4.267568636429081,0.8539804632347092,False
F0544,6,186,254,8.97,13.237568636429081,16.480032510343484,3.242463873914403,24.494406510507645,4.267568636429081,7.510032510343484,3.242463873914403,False
F0544,7,254,290,8.97,16.480032510343484,17.068598243811067,0.5885657334675827,3.5713869684308985,7.510032510343484,8.098598243811066,0.5885657334675827,False
F0328,1,23,46,11.15,10.013945983430268,11.035612702287876,1.0216667188576078,10.202438884213322,1.136054016569732,0.11438729771212408,-1.0216667188576078,True
F0328,2,46,129,11.15,11.035612702287876,15.259249038326093,4.223636336038217,38.27278511833405,0.11438729771212408,4.109249038326093,3.9948617406139686,False
F0328,3,129,137,11.15,15.259249038326093,14.9895116208103,-0.2697374175157936,-1.7676978522226363,4.109249038326093,3.839511620810299,-0.2697374175157936,True
F0328,4,137,202,11.15,14.9895116208103,15.821064585898744,0.831552965088445,5.547565431911605,3.839511620810299,4.671064585898744,0.831552965088445,False
F0328,5,202,260,11.15,15.821064585898744,17.084243112463305,1.2631785265645608,7.984156310760699,4.671064585898744,5.934243112463305,1.2631785265645608,False
F0328,6,260,261,11.15,17.084243112463305,15.20776990951473,-1.876473202948576,-10.983648444920867,5.934243112463305,4.057769909514729,-1.876473202948576,True
F0328,7,261,273,11.15,15.20776990951473,18.888529234104244,3.6807593245895145,24.203149748383886,4.057769909514729,7.738529234104243,3.6807593245895145,False
F0328,8,273,288,11.15,18.888529234104244,15.401117768927726,-3.4874114651765176,-18.463118128222554,7.738529234104243,4.251117768927726,-3.4874114651765176,True
F0328,9,288,289,11.15,15.401117768927726,19.105200839219442,3.7040830702917162,24.05074180891486,4.251117768927726,7.955200839219442,3.7040830702917162,False
F0591,1,25,53,7.45,9.087892932113277,11.009997624617494,1.9221046925042167,21.150168766977924,1.6378929321132771,3.559997624617494,1.9221046925042167,False
F0591,2,53,70,7.45,11.009997624617494,12.122075657303386,1.1120780326858917,10.100620096405581,3.559997624617494,4.6720756573033855,1.1120780326858917,False
F0591,3,70,77,7.45,12.122075657303386,10.75241659050266,-1.3696590668007254,-11.298882349208277,4.6720756573033855,3.30241659050266,-1.3696590668007254,True
F0591,4,77,101,7.45,10.75241659050266,14.147928002190609,3.3955114116879486,31.579053723486854,3.30241659050266,6.697928002190609,3.3955114116879486,False
F0591,5,101,117,7.45,14.147928002190609,13.267173554235786,-0.880754447954823,-6.225324639893916,6.697928002190609,5.817173554235786,-0.880754447954823,True
F0591,6,117,139,7.45,13.267173554235786,13.497147298912095,0.22997374467630927,1.7334042080340915,5.817173554235786,6.047147298912095,0.22997374467630927,False
F0591,7,139,146,7.45,13.497147298912095,13.439728417538078,-0.057418881374017516,-0.42541494215333653,6.047147298912095,5.989728417538077,-0.057418881374017516,True
F0591,8,146,205,7.45,13.439728417538078,14.831608905277953,1.3918804877398756,10.356462902357096,5.989728417538077,7.381608905277953,1.3918804877398756,False
F0591,9,205,257,7.45,14.831608905277953,16.854509817344194,2.022900912066241,13.639119835113606,7.381608905277953,9.404509817344195,2.022900912066242,False
F0591,10,257,270,7.45,16.854509817344194,16.388487928167343,-0.46602188917685083,-2.764968511260347,9.404509817344195,8.938487928167344,-0.46602188917685083,True
F0591,11,270,273,7.45,16.388487928167343,19.42309038670313,3.0346024585357867,18.516671408837738,8.938487928167344,11.97309038670313,3.0346024585357867,False
F0061,1,4,26,9.69,9.710073027134936,10.79974027518508,1.0896672480501444,11.222029381293568,0.020073027134936083,1.1097402751850804,1.0896672480501444,False
F0061,2,26,104,9.69,10.79974027518508,14.073410655211353,3.2736703800262728,30.3124917508275,1.1097402751850804,4.383410655211353,3.2736703800262728,False
F0061,3,104,208,9.69,14.073410655211353,18.238670569148773,4.165259913937421,29.596662926872202,4.383410655211353,8.548670569148774,4.165259913937421,False
F0061,4,208,226,9.69,18.238670569148773,15.639427656157142,-2.599242912991631,-14.25127397930156,8.548670569148774,5.949427656157143,-2.599242912991631,True
F0061,5,226,239,9.69,15.639427656157142,16.493781739814324,0.8543540836571815,5.462821929553335,5.949427656157143,6.803781739814324,0.8543540836571815,False
F0140,1,20,28,10.73,10.262018424159043,10.796647462970576,0.5346290388115325,5.209784437269167,0.4679815758409571,0.06664746297057533,-0.4013341128703818,True
F0140,2,28,58,10.73,10.796647462970576,12.16901180104704,1.3723643380764639,12.711022961370949,0.06664746297057533,1.4390118010470392,1.3723643380764639,False
F0140,3,58,113,10.73,12.16901180104704,11.529573228427765,-0.6394385726192748,-5.254646663784619,1.4390118010470392,0.7995732284277643,-0.6394385726192748,True
F0140,4,113,127,10.73,11.529573228427765,13.617871159261073,2.088297930833308,18.11253451848781,0.7995732284277643,2.8878711592610724,2.088297930833308,False
F0140,5,127,132,10.73,13.617871159261073,11.45178860025431,-2.166082559006762,-15.906176036433415,2.8878711592610724,0.7217886002543104,-2.166082559006762,True
F0140,6,132,209,10.73,11.45178860025431,15.10752421257383,3.6557356123195195,31.922835287392015,0.7217886002543104,4.37752421257383,3.6557356123195195,False
F0140,7,209,223,10.73,15.10752421257383,16.87194247554504,1.7644182629712102,11.679069569206474,4.37752421257383,6.14194247554504,1.7644182629712102,False
F0140,8,223,238,10.73,16.87194247554504,18.339657642722,1.4677151671769586,8.699147530311532,6.14194247554504,7.609657642721999,1.4677151671769586,False
F0140,9,238,270,10.73,18.339657642722,16.615060989874284,-1.7245966528477155,-9.40364692975669,7.609657642721999,5.885060989874283,-1.7245966528477155,True
F0140,10,270,280,10.73,16.615060989874284,17.94106992861235,1.3260089387380667,7.980764798553411,5.885060989874283,7.21106992861235,1.3260089387380667,False
F0137,1,18,39,10.58,11.527039387361805,10.321223730569992,-1.2058156567918132,-10.460757669604774,0.947039387361805,0.2587762694300082,-0.6882631179317968,True
F0137,2,39,49,10.58,10.321223730569992,11.600411009262503,1.2791872786925111,12.393755935197305,0.2587762694300082,1.020411009262503,0.7616347398324947,False
F0137,3,49,56,10.58,11.600411009262503,11.453499465569893,-0.14691154369261028,-1.2664339528600048,1.020411009262503,0.8734994655698927,-0.14691154369261028,True
F0137,4,56,77,10.58,11.453499465569893,12.100188700690856,0.646689235120963,5.6462152642950825,0.8734994655698927,1.5201887006908557,0.646689235120963,False
F0137,5,77,85,10.58,12.100188700690856,11.438158527721596,-0.6620301729692599,-5.47123841904599,1.5201887006908557,0.8581585277215957,-0.6620301729692599,True
F0137,6,85,183,10.58,11.438158527721596,14.827936238524995,3.389777710803399,29.635694439694216,0.8581585277215957,4.247936238524995,3.389777710803399,False
F0137,7,183,210,10.58,14.827936238524995,15.945369359594281,1.1174331210692863,7.535998962323854,4.247936238524995,5.365369359594281,1.1174331210692863,False
F0137,8,210,241,10.58,15.945369359594281,16.283798068773915,0.3384287091796345,2.1224262765415527,5.365369359594281,5.703798068773915,0.3384287091796345,False
F0137,9,241,282,10.58,16.283798068773915,15.778524669302723,-0.5052733994711929,-3.102921058939644,5.703798068773915,5.1985246693027225,-0.5052733994711929,True
F0137,10,282,285,10.58,15.778524669302723,18.02799793136068,2.2494732620579576,14.25655002101895,5.1985246693027225,7.44799793136068,2.2494732620579576,False
F0860,1,62,93,9.39,9.556372728889762,13.16157258199803,3.6051998531082674,37.72560944812699,0.16637272888976185,3.7715725819980292,3.6051998531082674,False
F0860,2,93,254,9.39,13.16157258199803,16.699971997125008,3.538399415126978,26.884320950876994,3.7715725819980292,7.3099719971250074,3.538399415126978,False
F0056,1,20,33,9.99,9.142675686956768,10.637507067232725,1.4948313802759579,16.350042716800424,0.8473243130432326,0.6475070672327252,-0.19981724581050742,True
F0056,2,33,36,9.99,10.637507067232725,10.111729728859965,-0.5257773383727606,-4.942674397766939,0.6475070672327252,0.12172972885996458,-0.5257773383727606,True
F0056,3,36,88,9.99,10.111729728859965,11.525682157696416,1.413952428836451,13.983289375317048,0.12172972885996458,1.5356821576964155,1.413952428836451,False
F0056,4,88,133,9.99,11.525682157696416,14.302137849225286,2.77645569152887,24.089296004704224,1.5356821576964155,4.3121378492252855,2.77645569152887,False
F0056,5,133,137,9.99,14.302137849225286,14.079814543516022,-0.2223233057092635,-1.5544760374499276,4.3121378492252855,4.089814543516022,-0.2223233057092635,True
F0056,6,137,164,9.99,14.079814543516022,15.631043807148853,1.5512292636328304,11.01739840989025,4.089814543516022,5.6410438071488525,1.5512292636328304,False
F0056,7,164,179,9.99,15.631043807148853,15.735106405120543,0.1040625979716907,0.6657431151469085,5.6410438071488525,5.745106405120543,0.1040625979716907,False
F0056,8,179,196,9.99,15.735106405120543,14.090844603934908,-1.6442618011856354,-10.449638908387406,5.745106405120543,4.100844603934908,-1.6442618011856354,True
F0056,9,196,196,9.99,14.090844603934908,16.64642683652748,2.5555822325925703,18.136473039230854,4.100844603934908,6.656426836527478,2.5555822325925703,False
F0056,10,196,198,9.99,16.64642683652748,15.399244217288286,-1.247182619239192,-7.492194159664837,6.656426836527478,5.409244217288286,-1.247182619239192,True
F0056,11,198,210,9.99,15.399244217288286,14.660044546476879,-0.7391996708114075,-4.800233442505765,5.409244217288286,4.670044546476879,-0.7391996708114075,True
F0056,12,210,233,9.99,14.660044546476879,17.362728737092596,2.7026841906157166,18.43571608563242,4.670044546476879,7.372728737092595,2.7026841906157166,False
F0056,13,233,279,9.99,17.362728737092596,14.756631080172625,-2.606097656919971,-15.009723968977726,7.372728737092595,4.766631080172624,-2.606097656919971,True
F0650,1,6,19,10.54,10.705309618326298,11.913633365931151,1.2083237476048527,11.287144330102672,0.1653096183262992,1.373633365931152,1.2083237476048527,False
F0650,2,19,21,10.54,11.913633365931151,8.177159288968337,-3.736474076962814,-31.363010445225136,1.373633365931152,2.3628407110316623,0.9892073451005103,False
F0650,3,21,33,10.54,8.177159288968337,10.91951602941343,2.742356740445093,33.53679002125785,2.3628407110316623,0.37951602941343054,-1.9833246816182317,True
F0650,4,33,71,10.54,10.91951602941343,12.05271983636263,1.1332038069492008,10.37778417923229,0.37951602941343054,1.5127198363626313,1.1332038069492008,False
F0650,5,71,94,10.54,12.05271983636263,11.947015200525216,-0.10570463583741407,-0.8770189407249549,1.5127198363626313,1.4070152005252172,-0.10570463583741407,True
F0650,6,94,102,10.54,11.947015200525216,14.04775040821952,2.100735207694303,17.58376609081363,1.4070152005252172,3.50775040821952,2.100735207694303,False
F0650,7,102,161,10.54,14.04775040821952,14.07334664014664,0.025596231927121238,0.1822087607147729,3.50775040821952,3.5333466401466413,0.025596231927121238,False
F0650,8,161,189,10.54,14.07334664014664,15.337715568515438,1.264368928368798,8.984138319750956,3.5333466401466413,4.797715568515439,1.264368928368798,False
F0650,9,189,233,10.54,15.337715568515438,14.670724588064648,-0.666990980450791,-4.34869832780026,4.797715568515439,4.130724588064648,-0.666990980450791,True
F0650,10,233,240,10.54,14.670724588064648,16.94661522433028,2.2758906362656326,15.513144034597861,4.130724588064648,6.406615224330281,2.2758906362656326,False
F0979,1,23,38,10.45,11.01930840077303,8.105417166989533,-2.913891233783497,-26.443503782679144,0.5693084007730302,2.3445828330104668,1.7752744322374365,False
F0979,2,38,63,10.45,8.105417166989533,10.395123219406866,2.2897060524173334,28.249083362945065,2.3445828330104668,0.05487678059313339,-2.2897060524173334,True
F0979,3,63,65,10.45,10.395123219406866,12.41203990624238,2.016916686835515,19.40252793800551,0.05487678059313339,1.9620399062423814,1.907163125649248,False
F0979,4,65,85,10.45,12.41203990624238,11.973190874142608,-0.4388490320997729,-3.5356721007564826,1.9620399062423814,1.5231908741426086,-0.4388490320997729,True
F0979,5,85,97,10.45,11.973190874142608,14.678405101407026,2.7052142272644186,22.59392885071781,1.5231908741426086,4.228405101407027,2.7052142272644186,False
F0979,6,97,105,10.45,14.678405101407026,14.186197295040195,-0.4922078063668316,-3.353278526967825,4.228405101407027,3.7361972950401956,-0.4922078063668316,True
F0979,7,105,138,10.45,14.186197295040195,13.930648100122463,-0.255549194917732,-1.8013932106180248,3.7361972950401956,3.4806481001224636,-0.255549194917732,True
F0979,8,138,139,10.45,13.930648100122463,12.622362481925613,-1.3082856181968499,-9.391419615181787,3.4806481001224636,2.1723624819256138,-1.3082856181968499,True
F0979,9,139,143,10.45,12.622362481925613,11.915476702611068,-0.7068857793145451,-5.600265246119803,2.1723624819256138,1.4654767026110687,-0.7068857793145451,True
F0979,10,143,252,10.45,11.915476702611068,16.391194565972164,4.475717863361096,37.562222436139045,1.4654767026110687,5.9411945659721646,4.475717863361096,False
F0979,11,252,260,10.45,16.391194565972164,16.656107396089467,0.2649128301173036,1.6161898942207547,5.9411945659721646,6.206107396089468,0.2649128301173036,False
F0045,1,24,41,11.71,10.554442631587772,8.562983509004475,-1.9914591225832972,-18.86844423809909,1.1555573684122287,3.147016490995526,1.9914591225832972,False
F0045,2,41,59,11.71,8.562983509004475,9.974323165181506,1.4113396561770308,16.48186820274645,3.147016490995526,1.735676834818495,-1.4113396561770308,True
F0045,3,59,72,11.71,9.974323165181506,12.518515174305827,2.5441920091243215,25.507415059556315,1.735676834818495,0.8085151743058265,-0.9271616605126685,True
F0045,4,72,85,11.71,12.518515174305827,10.832710927519717,-1.6858042467861107,-13.466487225627311,0.8085151743058265,0.8772890724802842,0.06877389817445767,False
F0045,5,85,138,11.71,10.832710927519717,12.59951506439895,1.7668041368792338,16.309898313549528,0.8772890724802842,0.8895150643989496,0.012225991918665358,False
F0045,6,138,146,11.71,12.59951506439895,12.876252761372587,0.2767376969736368,2.196415461699663,0.8895150643989496,1.1662527613725864,0.2767376969736368,False
F0045,7,146,157,11.71,12.876252761372587,15.511038072070543,2.6347853106979553,20.462360902094403,1.1662527613725864,3.8010380720705417,2.6347853106979553,False
F0045,8,157,184,11.71,15.511038072070543,16.29230340359219,0.7812653315216469,5.0368345941230555,3.8010380720705417,4.582303403592189,0.7812653315216469,False
F0045,9,184,199,11.71,16.29230340359219,14.3572923820116,-1.9350110215805891,-11.876841313634943,4.582303403592189,2.6472923820115994,-1.9350110215805891,True
F0045,10,199,241,11.71,14.3572923820116,15.178474917427538,0.8211825354159377,5.719619783217661,2.6472923820115994,3.468474917427537,0.8211825354159377,False
F0045,11,241,261,11.71,15.178474917427538,17.499137315998336,2.320662398570798,15.289167134349398,3.468474917427537,5.789137315998335,2.320662398570798,False
F0996,1,27,47,10.05,10.236207515772492,7.642459872727671,-2.5937476430448205,-25.33895135525766,0.18620751577249095,2.4075401272723296,2.2213326114998386,False
F0996,2,47,48,10.05,7.642459872727671,12.05130142748388,4.408841554756209,57.68877597237091,2.4075401272723296,2.001301427483879,-0.4062386997884504,True
F0996,3,48,64,10.05,12.05130142748388,11.359031917513626,-0.692269509970254,-5.744354783056728,2.001301427483879,1.3090319175136251,-0.692269509970254,True
F0996,4,64,101,10.05,11.359031917513626,14.88240019111193,3.5233682735983045,31.01820911486208,1.3090319175136251,4.83240019111193,3.5233682735983045,False
F0996,5,101,211,10.05,14.88240019111193,13.951615920877256,-0.9307842702346747,-6.254261801067262,4.83240019111193,3.901615920877255,-0.9307842702346747,True
F0996,6,211,273,10.05,13.951615920877256,17.937933563702416,3.98631764282516,28.57244397661505,3.901615920877255,7.887933563702415,3.98631764282516,False
F0996,7,273,285,10.05,17.937933563702416,18.5768622688828,0.6389287051803834,3.5618857819457075,7.887933563702415,8.526862268882798,0.6389287051803834,False
F0996,8,285,292,10.05,18.5768622688828,19.244063338478362,0.6672010695955635,3.5915703090137003,8.526862268882798,9.194063338478362,0.6672010695955635,False
F0996,9,292,294,10.05,19.244063338478362,18.098668599185793,-1.1453947392925699,-5.95193810759478,9.194063338478362,8.048668599185792,-1.1453947392925699,True
F0867,1,20,25,10.61,10.862793539839064,8.936196410424188,-1.9265971294148763,-17.735742857940938,0.2527935398390646,1.6738035895758117,1.421010049736747,False
F0867,2,25,31,10.61,8.936196410424188,10.895673612333598,1.9594772019094098,21.927418690391075,1.6738035895758117,0.2856736123335981,-1.3881299772422135,True
F0867,3,31,38,10.61,10.895673612333598,10.812589061264505,-0.08308455106909207,-0.7625462548276288,0.2856736123335981,0.20258906126450604,-0.08308455106909207,True
F0867,4,38,61,10.61,10.812589061264505,9.551483247613575,-1.2611058136509303,-11.663310299739136,0.20258906126450604,1.0585167523864243,0.8559276911219182,False
F0867,5,61,71,10.61,9.551483247613575,10.864313493222577,1.3128302456090015,13.744778811573694,1.0585167523864243,0.25431349322257724,-0.804203259163847,True
F0867,6,71,75,10.61,10.864313493222577,12.39023863316469,1.5259251399421139,14.045297394023315,0.25431349322257724,1.780238633164691,1.5259251399421139,False
F0867,7,75,79,10.61,12.39023863316469,13.980617506441428,1.5903788732767374,12.835740459588921,1.780238633164691,3.3706175064414285,1.5903788732767374,False
F0867,8,79,99,10.61,13.980617506441428,10.700324281326044,-3.2802932251153845,-23.46314977578081,3.3706175064414285,0.09032428132604409,-3.2802932251153845,True
F0867,9,99,133,10.61,10.700324281326044,13.406002601853285,2.705678320527241,25.285946943207392,0.09032428132604409,2.796002601853285,2.705678320527241,False
F0867,10,133,170,10.61,13.406002601853285,14.290541583347611,0.8845389814943267,6.598081529329597,2.796002601853285,3.680541583347612,0.8845389814943267,False
F0867,11,170,188,10.61,14.290541583347611,14.512580549186437,0.22203896583882532,1.553747732679085,3.680541583347612,3.902580549186437,0.22203896583882532,False
F0867,12,188,196,10.61,14.512580549186437,11.33783174037094,-3.1747488088154974,-21.87583936609724,3.902580549186437,0.7278317403709398,-3.1747488088154974,True
F0867,13,196,256,10.61,11.33783174037094,16.86821239311852,5.53038065274758,48.77811542268171,0.7278317403709398,6.258212393118519,5.53038065274758,False
F0867,14,256,256,10.61,16.86821239311852,15.89332201009348,-0.9748903830250395,-5.779452856680602,6.258212393118519,5.28332201009348,-0.9748903830250395,True
F0867,15,256,274,10.61,15.89332201009348,17.91568888199719,2.022366871903712,12.72463284025425,5.28332201009348,7.305688881997192,2.022366871903712,False
F0867,16,274,297,10.61,17.91568888199719,18.176857733945873,0.2611688519486819,1.4577661716994916,7.305688881997192,7.566857733945874,0.2611688519486819,False
F0308,1,10,36,7.97,8.105817233121517,12.493275117622133,4.387457884500616,54.12727376300618,0.13581723312151706,4.523275117622133,4.387457884500616,False
F0308,2,36,97,7.97,12.493275117622133,12.811047667737594,0.31777255011546046,2.543548806247234,4.523275117622133,4.841047667737594,0.31777255011546046,False
F0308,3,97,133,7.97,12.811047667737594,11.571106587265827,-1.239941080471766,-9.678686026548345,4.841047667737594,3.6011065872658277,-1.239941080471766,True
F0308,4,133,160,7.97,11.571106587265827,13.677263113602537,2.1061565263367097,18.20185917788162,3.6011065872658277,5.707263113602537,2.1061565263367097,False
F0308,5,160,241,7.97,13.677263113602537,14.890281068141622,1.213017954539085,8.868864658549226,5.707263113602537,6.920281068141622,1.213017954539085,False
F0308,6,241,247,7.97,14.890281068141622,15.84011055456698,0.949829486425358,6.378855322332081,6.920281068141622,7.87011055456698,0.949829486425358,False
F0308,7,247,254,7.97,15.84011055456698,14.661824990960868,-1.1782855636061118,-7.438619569901875,7.87011055456698,6.6918249909608685,-1.1782855636061118,True
F0308,8,254,261,7.97,14.661824990960868,17.683939937632683,3.022114946671815,20.612133540913035,6.6918249909608685,9.713939937632684,3.022114946671816,False
F0308,9,261,270,7.97,17.683939937632683,17.133509812494147,-0.5504301251385364,-3.1125989291966656,9.713939937632684,9.163509812494148,-0.5504301251385364,True
F0308,10,270,277,7.97,17.133509812494147,16.997222696795163,-0.136287115698984,-0.7954418983062088,9.163509812494148,9.027222696795164,-0.136287115698984,True
F0238,1,10,58,10.24,8.979978231522738,10.709322381721636,1.729344150198898,19.257776640574914,1.2600217684772623,0.46932238172163565,-0.7906993867556267,True
F0238,2,58,74,10.24,10.709322381721636,10.809626967663508,0.1003045859418723,0.936610014776185,0.46932238172163565,0.569626967663508,0.1003045859418723,False
F0238,3,74,115,10.24,10.809626967663508,13.808000927884951,2.9983739602214428,27.737996594988317,0.569626967663508,3.5680009278849507,2.9983739602214428,False
F0238,4,115,167,10.24,13.808000927884951,15.990127222290033,2.182126294405082,15.803346956606342,3.5680009278849507,5.750127222290033,2.182126294405082,False
F0238,5,167,196,10.24,15.990127222290033,13.763856322405724,-2.226270899884309,-13.92278415884594,5.750127222290033,3.5238563224057238,-2.226270899884309,True
F0238,6,196,289,10.24,13.763856322405724,18.90849179005714,5.144635467651417,37.37786378426979,3.5238563224057238,8.668491790057141,5.144635467651417,False
F0210,1,8,79,9.27,8.910802233312435,10.251404842653686,1.3406026093412517,15.044690413277259,0.359197766687565,0.9814048426536868,0.6222070759661218,False
F0210,2,79,99,9.27,10.251404842653686,11.780148160620904,1.5287433179672174,14.91252507760181,0.9814048426536868,2.510148160620904,1.5287433179672174,False
F0210,3,99,154,9.27,11.780148160620904,14.313394394693956,2.5332462340730526,21.50436649465308,2.510148160620904,5.043394394693957,2.5332462340730526,False
F0210,4,154,160,9.27,14.313394394693956,15.952531365326745,1.639136970632789,11.451769757985742,5.043394394693957,6.682531365326746,1.639136970632789,False
F0210,5,160,162,9.27,15.952531365326745,12.880617503357785,-3.0719138619689605,-19.256591895163723,6.682531365326746,3.610617503357785,-3.0719138619689605,True
F0210,6,162,166,9.27,12.880617503357785,14.18835266150765,1.3077351581498657,10.152736526870383,3.610617503357785,4.918352661507651,1.3077351581498657,False
F0210,7,166,197,9.27,14.18835266150765,14.109147843949007,-0.07920481755864373,-0.5582382919866572,4.918352661507651,4.839147843949007,-0.07920481755864373,True
F0210,8,197,210,9.27,14.109147843949007,17.34406852378343,3.234920679834424,22.927824668176434,4.839147843949007,8.074068523783431,3.234920679834424,False
F0210,9,210,268,9.27,17.34406852378343,17.576603342478506,0.23253481869507553,1.3407166742694028,8.074068523783431,8.306603342478507,0.23253481869507553,False
F0210,10,268,282,9.27,17.576603342478506,19.923623738879385,2.347020396400879,13.353094171094387,8.306603342478507,10.653623738879386,2.347020396400879,False
F0210,11,282,283,9.27,19.923623738879385,18.749280554876677,-1.1743431840027085,-5.89422486287507,10.653623738879386,9.479280554876677,-1.1743431840027085,True
F0261,1,50,50,12.22,12.034220190534434,7.930041292666153,-4.104178897868281,-34.10423636004633,0.18577980946556671,4.289958707333848,4.104178897868281,False
F0261,2,50,53,12.22,7.930041292666153,12.735706900273255,4.805665607607103,60.60076398405984,4.289958707333848,0.5157069002732548,-3.774251807060593,True
F0261,3,53,93,12.22,12.735706900273255,9.957950457200106,-2.77775644307315,-21.810775521330118,0.5157069002732548,2.262049542799895,1.7463426425266402,False
F0261,4,93,103,12.22,9.957950457200106,13.020888891083647,3.0629384338835415,30.75872336429311,2.262049542799895,0.8008888910836465,-1.4611606517162485,True
F0261,5,103,114,12.22,13.020888891083647,13.680518599436208,0.6596297083525613,5.065934544639713,0.8008888910836465,1.4605185994362078,0.6596297083525613,False
F0261,6,114,118,12.22,13.680518599436208,11.850453060978028,-1.8300655384581805,-13.377164945586198,1.4605185994362078,0.3695469390219728,-1.090971660414235,True
F0261,7,118,125,12.22,11.850453060978028,9.769264697015846,-2.081188363962182,-17.562099552254757,0.3695469390219728,2.450735302984155,2.081188363962182,False
F0261,8,125,165,12.22,9.769264697015846,14.13885427958646,4.3695895825706135,44.727927004632846,2.450735302984155,1.9188542795864585,-0.5318810233976965,True
F0261,9,165,194,12.22,14.13885427958646,13.201648687810767,-0.9372055917756921,-6.62858229700281,1.9188542795864585,0.9816486878107664,-0.9372055917756921,True
F0261,10,194,195,12.22,13.201648687810767,14.679164030347922,1.4775153425371546,11.19190017456957,0.9816486878107664,2.459164030347921,1.4775153425371546,False
F0064,1,5,8,9.76,10.110095639644737,10.04407676040103,-0.06601887924370686,-0.6529995520994569,0.3500956396447368,0.2840767604010299,-0.06601887924370686,True
F0064,2,8,10,9.76,10.04407676040103,10.286589249579421,0.24251248917839163,2.414482634526469,0.2840767604010299,0.5265892495794215,0.24251248917839163,False
F0064,3,10,49,9.76,10.286589249579421,11.119651463832264,0.833062214252843,8.09852706315559,0.5265892495794215,1.3596514638322645,0.833062214252843,False
F0064,4,49,51,9.76,11.119651463832264,9.290292168504383,-1.8293592953278814,-16.451588444818153,1.3596514638322645,0.4697078314956169,-0.8899436323366476,True
F0064,5,51,54,9.76,9.290292168504383,9.143450611136807,-0.14684155736757631,-1.5805913818877873,0.4697078314956169,0.6165493888631932,0.14684155736757631,False
F0064,6,54,54,9.76,9.143450611136807,12.042917566732054,2.8994669555952477,31.710861455998575,0.6165493888631932,2.2829175667320545,1.6663681778688613,False
F0064,7,54,101,9.76,12.042917566732054,12.439340400182505,0.39642283345045115,3.291750784258036,2.2829175667320545,2.6793404001825056,0.39642283345045115,False
F0064,8,101,120,9.76,12.439340400182505,12.449818149243548,0.010477749061042374,0.08423074474984742,2.6793404001825056,2.689818149243548,0.010477749061042374,False
F0064,9,120,138,9.76,12.449818149243548,13.238137165792134,0.788319016548586,6.331972138857983,2.689818149243548,3.478137165792134,0.788319016548586,False
F0064,10,138,243,9.76,13.238137165792134,14.573513131919515,1.3353759661273816,10.087340457372248,3.478137165792134,4.813513131919516,1.3353759661273816,False
F0064,11,243,245,9.76,14.573513131919515,14.924725441654992,0.3512123097354767,2.409935796237332,4.813513131919516,5.164725441654992,0.3512123097354767,False
F0064,12,245,252,9.76,14.924725441654992,15.383321571432946,0.4585961297779537,3.0727274117754244,5.164725441654992,5.623321571432946,0.4585961297779537,False
F0064,13,252,299,9.76,15.383321571432946,17.646273702319572,2.2629521308866263,14.710425966060292,5.623321571432946,7.886273702319572,2.2629521308866263,False
F0893,1,8,25,9.69,9.598084895661117,10.592158050605626,0.994073154944509,10.356994814599805,0.09191510433888261,0.9021580506056264,0.8102429462667438,False
F0893,2,25,139,9.69,10.592158050605626,10.944136735091456,0.3519786844858306,3.323012013266792,0.9021580506056264,1.254136735091457,0.3519786844858306,False
F0893,3,139,170,9.69,10.944136735091456,13.265825851649588,2.3216891165581313,21.213999539258584,1.254136735091457,3.575825851649588,2.3216891165581313,False
F0893,4,170,176,9.69,13.265825851649588,16.244755395495563,2.9789295438459753,22.455665988375305,3.575825851649588,6.5547553954955635,2.9789295438459753,False
F0893,5,176,182,9.69,16.244755395495563,13.676915687893539,-2.5678397076020243,-15.807192198868375,6.5547553954955635,3.9869156878935392,-2.5678397076020243,True
F0893,6,182,187,9.69,13.676915687893539,16.19838760283373,2.521471914940191,18.435968843268768,3.9869156878935392,6.50838760283373,2.521471914940191,False
F0893,7,187,195,9.69,16.19838760283373,14.033362221427405,-2.165025381406325,-13.365684502003013,6.50838760283373,4.343362221427405,-2.165025381406325,True
F0893,8,195,202,9.69,14.033362221427405,13.701495435682432,-0.33186678574497286,-2.364841586132856,4.343362221427405,4.011495435682432,-0.33186678574497286,True
F0893,9,202,241,9.69,13.701495435682432,15.258392046102102,1.5568966104196704,11.362968500249155,4.011495435682432,5.568392046102103,1.5568966104196704,False
F0257,1,75,105,12.9,12.495312223399235,11.221036524873867,-1.2742756985253685,-10.19803007514376,0.40468777660076505,1.6789634751261335,1.2742756985253685,False
F0257,2,105,127,12.9,11.221036524873867,14.319029968325877,3.09799344345201,27.608799210167746,1.6789634751261335,1.4190299683258765,-0.25993350680025706,True
F0257,3,127,165,12.9,14.319029968325877,13.910200714076844,-0.40882925424903327,-2.855146299388826,1.4190299683258765,1.0102007140768432,-0.40882925424903327,True
F0257,4,165,283,12.9,13.910200714076844,18.57238206198025,4.662181347903406,33.51627660688873,1.0102007140768432,5.672382061980249,4.662181347903406,False
F0257,5,283,283,12.9,18.57238206198025,20.363048587200762,1.7906665252205123,9.641555505613939,5.672382061980249,7.4630485872007615,1.7906665252205123,False
F0925,1,4,21,11.68,10.54095438928289,6.467839982717646,-4.073114406565244,-38.64085030769535,1.13904561071711,5.212160017282354,4.073114406565244,False
F0925,2,21,51,11.68,6.467839982717646,9.369345144108035,2.9015051613903893,44.86049699966819,5.212160017282354,2.310654855891965,-2.9015051613903893,True
F0925,3,51,138,11.68,9.369345144108035,13.127502715424978,3.758157571316943,40.111208558479476,2.310654855891965,1.447502715424978,-0.8631521404669869,True
F0925,4,138,169,11.68,13.127502715424978,14.245260061886574,1.1177573464615964,8.514622854720248,1.447502715424978,2.5652600618865744,1.1177573464615964,False
F0925,5,169,179,11.68,14.245260061886574,13.878110197945588,-0.3671498639409858,-2.57734756926833,2.5652600618865744,2.1981101979455886,-0.3671498639409858,True
F0925,6,179,238,11.68,13.878110197945588,14.222933783335625,0.34482358539003677,2.484658072833878,2.1981101979455886,2.5429337833356254,0.34482358539003677,False
F0925,7,238,248,11.68,14.222933783335625,15.416101649051738,1.1931678657161129,8.389041838288627,2.5429337833356254,3.7361016490517382,1.1931678657161129,False
F0925,8,248,249,11.68,15.416101649051738,17.083393373460687,1.6672917244089493,10.815261616489837,3.7361016490517382,5.403393373460688,1.6672917244089493,False
F0925,9,249,295,11.68,17.083393373460687,17.623326118422202,0.539932744961515,3.160570813760624,5.403393373460688,5.943326118422203,0.539932744961515,False
F0688,1,72,107,11.37,11.96630631970541,14.568926013386571,2.602619693681161,21.749566024357243,0.5963063197054108,3.198926013386572,2.602619693681161,False
F0688,2,107,137,11.37,14.568926013386571,12.496530547257375,-2.072395466129196,-14.224764846941962,3.198926013386572,1.1265305472573761,-2.072395466129196,True
F0688,3,137,145,11.37,12.496530547257375,13.657726549378799,1.1611960021214234,9.292147110193493,1.1265305472573761,2.2877265493787995,1.1611960021214234,False
F0688,4,145,168,11.37,13.657726549378799,13.904296840305745,0.2465702909269467,1.8053538415451844,2.2877265493787995,2.534296840305746,0.2465702909269467,False
F0688,5,168,196,11.37,13.904296840305745,15.016169286651154,1.1118724463454086,7.996610394006515,2.534296840305746,3.646169286651155,1.1118724463454086,False
F0688,6,196,203,11.37,15.016169286651154,14.678177873517473,-0.33799141313368075,-2.2508497785393455,3.646169286651155,3.308177873517474,-0.33799141313368075,True
F0688,7,203,237,11.37,14.678177873517473,16.90992348170942,2.2317456081919467,15.204513989563285,3.308177873517474,5.539923481709421,2.2317456081919467,False
F0688,8,237,254,11.37,16.90992348170942,17.81889704771335,0.9089735660039295,5.375385447409734,5.539923481709421,6.44889704771335,0.9089735660039295,False
F0688,9,254,269,11.37,17.81889704771335,15.176544885194787,-2.642352162518563,-14.828932202948266,6.44889704771335,3.8065448851947874,-2.642352162518563,True
F0688,10,269,270,11.37,15.176544885194787,17.088711708755138,1.9121668235603515,12.599487156169072,3.8065448851947874,5.718711708755139,1.9121668235603515,False
F0688,11,270,284,11.37,17.088711708755138,17.899575117815044,0.8108634090599054,4.745023632439606,5.718711708755139,6.529575117815044,0.8108634090599054,False
F0480,1,68,71,8.45,8.90395632883735,10.630810556053586,1.7268542272162364,19.39423514043362,0.45395632883735004,2.1808105560535864,1.7268542272162364,False
F0480,2,71,73,8.45,10.630810556053586,12.584202578350242,1.953392022296656,18.37481734809319,2.1808105560535864,4.1342025783502425,1.953392022296656,False
F0480,3,73,86,8.45,12.584202578350242,10.477228103111592,-2.1069744752386494,-16.74301142341328,4.1342025783502425,2.027228103111593,-2.1069744752386494,True
F0480,4,86,188,8.45,10.477228103111592,12.978557166779924,2.501329063668331,23.87395825548048,2.027228103111593,4.528557166779924,2.501329063668331,False
F0480,5,188,191,8.45,12.978557166779924,13.845243894171832,0.8666867273919081,6.6778357274589055,4.528557166779924,5.395243894171832,0.8666867273919081,False
F0480,6,191,253,8.45,13.845243894171832,16.20414646342581,2.3589025692539796,17.037638248084324,5.395243894171832,7.754146463425812,2.3589025692539796,False
F0320,1,7,62,11.44,11.210352538464484,12.270517844014819,1.0601653055503348,9.457020213349587,0.22964746153551552,0.8305178440148193,0.6008703824793038,False
F0320,2,62,90,11.44,12.270517844014819,11.051492020862403,-1.2190258231524158,-9.934591503381572,0.8305178440148193,0.3885079791375965,-0.4420098648772228,True
F0320,3,90,102,11.44,11.051492020862403,12.738827716655315,1.6873356957929122,15.267944749972692,0.3885079791375965,1.2988277166553157,0.9103197375177192,False
F0320,4,102,111,11.44,12.738827716655315,14.001222619052161,1.2623949023968457,9.909820043694712,1.2988277166553157,2.5612226190521614,1.2623949023968457,False
F0320,5,111,124,11.44,14.001222619052161,11.968154195238766,-2.033068423813395,-14.520649225639035,2.5612226190521614,0.5281541952387663,-2.033068423813395,True
F0320,6,124,143,11.44,11.968154195238766,13.23153214767861,1.2633779524398445,10.556163731099389,0.5281541952387663,1.7915321476786108,1.2633779524398445,False
F0320,7,143,144,11.44,13.23153214767861,14.204163308927576,0.972631161248966,7.350858165126463,1.7915321476786108,2.764163308927577,0.972631161248966,False
F0320,8,144,158,11.44,14.204163308927576,14.574182206203508,0.37001889727593174,2.6050031193556333,2.764163308927577,3.1341822062035085,0.37001889727593174,False
F0320,9,158,160,11.44,14.574182206203508,16.301643465615747,1.7274612594122392,11.852886391642231,3.1341822062035085,4.861643465615748,1.7274612594122392,False
F0320,10,160,213,11.44,16.301643465615747,15.882469828625384,-0.41917363699036336,-2.571358144806109,4.861643465615748,4.442469828625384,-0.41917363699036336,True
F0320,11,213,214,11.44,15.882469828625384,13.712066248315747,-2.170403580309637,-13.665403452540254,4.442469828625384,2.272066248315747,-2.170403580309637,True
F0320,12,214,238,11.44,13.712066248315747,16.59942057557049,2.8873543272547444,21.05703309017631,2.272066248315747,5.159420575570492,2.8873543272547444,False
F0320,13,238,287,11.44,16.59942057557049,17.460804349512657,0.8613837739421655,5.189240010039093,5.159420575570492,6.020804349512657,0.8613837739421655,False
F0918,1,12,137,9.86,9.410806861002545,13.821011354556285,4.41020449355374,46.863192058793516,0.4491931389974546,3.9610113545562857,3.511818215558831,False
F0918,2,137,168,9.86,13.821011354556285,14.934011010029572,1.1129996554732866,8.05295377393906,3.9610113545562857,5.074011010029572,1.1129996554732866,False
F0918,3,168,180,9.86,14.934011010029572,15.115773561583712,0.18176255155414012,1.2171047110656992,5.074011010029572,5.2557735615837124,0.18176255155414012,False
F0918,4,180,246,9.86,15.115773561583712,16.937451679965896,1.8216781183821844,12.051504416630882,5.2557735615837124,7.077451679965897,1.8216781183821844,False
F0918,5,246,281,9.86,16.937451679965896,16.582057211552236,-0.3553944684136603,-2.0982759102659525,7.077451679965897,6.722057211552237,-0.3553944684136603,True
F0918,6,281,285,9.86,16.582057211552236,18.97166549779297,2.3896082862407333,14.410807149887065,6.722057211552237,9.11166549779297,2.3896082862407333,False
F0494,1,32,81,10.07,9.050129293141993,10.497123709241972,1.4469944160999795,15.988660153137072,1.0198707068580077,0.42712370924197174,-0.592746997616036,True
F0494,2,81,93,10.07,10.497123709241972,12.648668532775934,2.1515448235339623,20.496517742662018,0.42712370924197174,2.578668532775934,2.1515448235339623,False
F0494,3,93,107,10.07,12.648668532775934,13.232900778854843,0.5842322460789084,4.6189228895121515,2.578668532775934,3.1629007788548424,0.5842322460789084,False
F0494,4,107,205,10.07,13.232900778854843,15.930749381728901,2.6978486028740587,20.387431659617768,3.1629007788548424,5.860749381728901,2.6978486028740587,False
F0494,5,205,222,10.07,15.930749381728901,14.81155090201183,-1.1191984797170722,-7.025397568558134,5.860749381728901,4.741550902011829,-1.1191984797170722,True
F0494,6,222,224,10.07,14.81155090201183,15.979776621058196,1.168225719046367,7.887261278545036,4.741550902011829,5.909776621058196,1.168225719046367,False
F0942,1,52,65,10.23,9.305957431807814,10.61741699690919,1.3114595651013765,14.092688202277829,0.9240425681921867,0.38741699690918985,-0.5366255712829968,True
F0942,2,65,278,10.23,10.61741699690919,18.467228610869377,7.849811613960187,73.93334571153535,0.38741699690918985,8.237228610869376,7.849811613960187,False
F0948,1,38,85,7.76,8.377988902328216,12.053700789902988,3.6757118875747725,43.87343944264839,0.6179889023282161,4.293700789902989,3.6757118875747725,False
F0948,2,85,102,7.76,12.053700789902988,12.383899885638094,0.33019909573510553,2.739400135199167,4.293700789902989,4.623899885638094,0.33019909573510553,False
F0948,3,102,134,7.76,12.383899885638094,13.864082825720452,1.4801829400823578,11.952478247978744,4.623899885638094,6.104082825720452,1.4801829400823578,False
F0948,4,134,138,7.76,13.864082825720452,13.847572746500836,-0.016510079219616003,-0.11908526100974193,6.104082825720452,6.087572746500836,-0.016510079219616003,True
F0948,5,138,185,7.76,13.847572746500836,14.939862795562673,1.0922900490618375,7.88795313848667,6.087572746500836,7.1798627955626735,1.0922900490618375,False
F0948,6,185,210,7.76,14.939862795562673,16.415569409428098,1.475706613865425,9.877645022976573,7.1798627955626735,8.655569409428098,1.475706613865425,False
F0948,7,210,287,7.76,16.415569409428098,17.896735184948984,1.4811657755208856,9.022932671894978,8.655569409428098,10.136735184948984,1.4811657755208856,False
F0596,1,18,34,9.37,9.228526295484658,9.948386395583485,0.7198601000988276,7.800379790335987,0.14147370451534158,0.578386395583486,0.43691269106814445,False
F0596,2,34,36,9.37,9.948386395583485,9.952825731803625,0.004439336220139367,0.044623681103803714,0.578386395583486,0.5828257318036254,0.004439336220139367,False
F0596,3,36,53,9.37,9.952825731803625,12.384675530330117,2.4318497985264926,24.433762471653356,0.5828257318036254,3.014675530330118,2.4318497985264926,False
F0596,4,53,148,9.37,12.384675530330117,11.36052153996042,-1.0241539903696975,-8.269526221026464,3.014675530330118,1.9905215399604206,-1.0241539903696975,True
F0596,5,148,152,9.37,11.36052153996042,13.976146817631397,2.6156252776709774,23.023813373977287,1.9905215399604206,4.606146817631398,2.6156252776709774,False
F0596,6,152,172,9.37,13.976146817631397,14.59279441458416,0.6166475969527632,4.412143096370745,4.606146817631398,5.222794414584161,0.6166475969527632,False
F0596,7,172,202,9.37,14.59279441458416,13.84617258251206,-0.7466218320721012,-5.116373265191218,5.222794414584161,4.47617258251206,-0.7466218320721012,True
F0596,8,202,232,9.37,13.84617258251206,16.471754046572165,2.6255814640601063,18.9625071362772,4.47617258251206,7.101754046572166,2.6255814640601063,False
F0596,9,232,300,9.37,16.471754046572165,18.30440506979965,1.8326510232274842,11.126022268459417,7.101754046572166,8.93440506979965,1.8326510232274842,False
F0293,1,32,153,7.81,7.784777418544796,14.809547435844653,7.024770017299857,90.23726228274094,0.025222581455203397,6.999547435844653,6.97432485438945,False
F0293,2,153,182,7.81,14.809547435844653,15.324337754420919,0.5147903185762654,3.476070560605249,6.999547435844653,7.514337754420919,0.5147903185762654,False
F0293,3,182,197,7.81,15.324337754420919,17.19105650210987,1.8667187476889513,12.181399141704649,7.514337754420919,9.381056502109871,1.8667187476889522,False
F0293,4,197,206,7.81,17.19105650210987,16.075888327248713,-1.1151681748611573,-6.486908903616784,9.381056502109871,8.265888327248714,-1.1151681748611573,True
F0293,5,206,228,7.81,16.075888327248713,16.498283534194663,0.42239520694595,2.627507720553072,8.265888327248714,8.688283534194664,0.42239520694595,False
F0293,6,228,246,7.81,16.498283534194663,16.03809202607728,-0.46019150811738285,-2.7893296121598405,8.688283534194664,8.228092026077281,-0.46019150811738285,True
F0765,1,5,21,8.85,8.812344525393286,7.81511431716068,-0.9972302082326054,-11.316287116998527,0.03765547460671392,1.0348856828393194,0.9972302082326054,False
F0765,2,21,95,8.85,7.81511431716068,9.10381359951408,1.2886992823533996,16.48983277856387,1.0348856828393194,0.2538135995140802,-0.7810720833252391,True
F0765,3,95,126,8.85,9.10381359951408,13.15043072749233,4.04661712797825,44.449692249786835,0.2538135995140802,4.30043072749233,4.04661712797825,False
F0765,4,126,188,8.85,13.15043072749233,13.785886020444135,0.6354552929518054,4.832201363741802,4.30043072749233,4.935886020444135,0.6354552929518054,False
F0765,5,188,202,8.85,13.785886020444135,15.921665690370723,2.1357796699265883,15.492509271868915,4.935886020444135,7.071665690370724,2.1357796699265883,False
F0765,6,202,248,8.85,15.921665690370723,15.990837831447818,0.0691721410770949,0.4344529173158659,7.071665690370724,7.1408378314478185,0.0691721410770949,False
F0765,7,248,265,8.85,15.990837831447818,16.26113020550923,0.2702923740614107,1.6902952610140898,7.1408378314478185,7.411130205509229,0.2702923740614107,False
F0765,8,265,272,8.85,16.26113020550923,17.256675317594294,0.9955451120850647,6.122238119388384,7.411130205509229,8.406675317594294,0.9955451120850647,False
F0817,1,10,23,4.0,5.427045950338936,7.738098144815232,2.3110521944762956,42.583980596883706,1.427045950338936,3.7380981448152317,2.3110521944762956,False
F0817,2,23,85,4.0,7.738098144815232,11.22014691707751,3.482048772262279,44.99876723061933,3.7380981448152317,7.2201469170775106,3.482048772262279,False
F0817,3,85,134,4.0,11.22014691707751,12.037149797338104,0.8170028802605938,7.281570253033699,7.2201469170775106,8.037149797338104,0.8170028802605938,False
F0817,4,134,160,4.0,12.037149797338104,12.419551715857445,0.38240191851934036,3.176847716923027,8.037149797338104,8.419551715857445,0.38240191851934036,False
F0817,5,160,208,4.0,12.419551715857445,15.944560808591035,3.5250090927335904,28.38274016148919,8.419551715857445,11.944560808591035,3.5250090927335904,False
F0817,6,208,214,4.0,15.944560808591035,16.12063828993598,0.17607748134494372,1.1043106389614195,11.944560808591035,12.120638289935979,0.17607748134494372,False
F0817,7,214,225,4.0,16.12063828993598,15.100018197963314,-1.0206200919726651,-6.331139459966869,12.120638289935979,11.100018197963314,-1.0206200919726651,True
F0817,8,225,231,4.0,15.100018197963314,15.75048654637855,0.6504683484152363,4.307732215203365,11.100018197963314,11.75048654637855,0.6504683484152363,False
F0817,9,231,260,4.0,15.75048654637855,14.723350672201487,-1.0271358741770626,-6.521296159027089,11.75048654637855,10.723350672201487,-1.0271358741770626,True
F0817,10,260,260,4.0,14.723350672201487,17.407222089645092,2.683871417443605,18.22867278785192,10.723350672201487,13.407222089645092,2.683871417443605,False
F0817,11,260,290,4.0,17.407222089645092,17.17414181147845,-0.23308027816664278,-1.3389860654750512,13.407222089645092,13.17414181147845,-0.23308027816664278,True
F0175,1,64,89,9.67,9.764776040443975,12.403997739337875,2.6392216988939,27.027979832437637,0.09477604044397481,2.733997739337875,2.6392216988939,False
F0175,2,89,229,9.67,12.403997739337875,15.872115221781495,3.4681174824436205,27.95967522184302,2.733997739337875,6.202115221781495,3.4681174824436205,False
F0175,3,229,244,9.67,15.872115221781495,16.811275052227014,0.9391598304455187,5.917042670889248,6.202115221781495,7.141275052227014,0.9391598304455187,False
F0175,4,244,252,9.67,16.811275052227014,18.08643850667469,1.275163454447675,7.585167992827245,7.141275052227014,8.41643850667469,1.275163454447675,False
F0175,5,252,270,9.67,18.08643850667469,17.85497080111199,-0.23146770556270013,-1.27978598703818,8.41643850667469,8.184970801111989,-0.23146770556270013,True
F0175,6,270,280,9.67,17.85497080111199,16.722268999616556,-1.1327018014954326,-6.343901729735056,8.184970801111989,7.052268999616556,-1.1327018014954326,True
F0175,7,280,293,9.67,16.722268999616556,15.188896848027323,-1.5333721515892336,-9.169641701281051,7.052268999616556,5.518896848027323,-1.5333721515892336,True
F0175,8,293,295,9.67,15.188896848027323,15.897896362124705,0.7089995140973819,4.667880236407453,5.518896848027323,6.227896362124705,0.7089995140973819,False
F0636,1,33,64,10.86,12.375608412963107,10.485486427378667,-1.8901219855844396,-15.272962124468881,1.5156084129631076,0.374513572621332,-1.1410948403417756,True
F0636,2,64,85,10.86,10.485486427378667,14.41261038340056,3.9271239560218927,37.452949686413916,0.374513572621332,3.5526103834005607,3.1780968107792287,False
F0636,3,85,131,10.86,14.41261038340056,12.179585619200454,-2.233024764200106,-15.49354839128898,3.5526103834005607,1.3195856192004545,-2.233024764200106,True
F0636,4,131,147,10.86,12.179585619200454,13.396123633364672,1.2165380141642181,9.988336649536025,1.3195856192004545,2.5361236333646726,1.2165380141642181,False
F0636,5,147,222,10.86,13.396123633364672,17.74982235456002,4.353698721195348,32.49969051011095,2.5361236333646726,6.889822354560021,4.353698721195348,False
F0636,6,222,225,10.86,17.74982235456002,15.748568575697538,-2.0012537788624822,-11.274782016893537,6.889822354560021,4.888568575697539,-2.0012537788624822,True
F0636,7,225,238,10.86,15.748568575697538,16.57179913873184,0.8232305630343024,5.227335799297174,4.888568575697539,5.711799138731841,0.8232305630343024,False
F0636,8,238,259,10.86,16.57179913873184,14.716637581630144,-1.855161557101697,-11.194690097140917,5.711799138731841,3.856637581630144,-1.855161557101697,True
F0636,9,259,266,10.86,14.716637581630144,18.766895030322406,4.050257448692262,27.52162255967997,3.856637581630144,7.906895030322406,4.050257448692262,False
F0653,1,2,15,7.7,7.236989057580628,10.437928542028716,3.2009394844480887,44.2302656392047,0.46301094241937246,2.7379285420287163,2.274917599609344,False
F0653,2,15,115,7.7,10.437928542028716,14.748405672827365,4.310477130798649,41.2962889470104,2.7379285420287163,7.048405672827365,4.310477130798649,False
F0653,3,115,212,7.7,14.748405672827365,17.54792629251124,2.7995206196838733,18.98185255943795,7.048405672827365,9.84792629251124,2.7995206196838742,False
F0653,4,212,261,7.7,17.54792629251124,17.83394623352151,0.2860199410102702,1.6299358467919496,9.84792629251124,10.13394623352151,0.2860199410102702,False
F0999,1,73,83,9.91,10.25745215500206,10.80094060769421,0.5434884526921504,5.298474167653003,0.3474521550020597,0.8909406076942101,0.5434884526921504,False
F0999,2,83,165,9.91,10.80094060769421,13.063657137727406,2.2627165300331953,20.9492544419818,0.8909406076942101,3.1536571377274054,2.2627165300331953,False
F0999,3,165,172,9.91,13.063657137727406,14.818416287964952,1.7547591502375468,13.432372969816095,3.1536571377274054,4.908416287964952,1.7547591502375468,False
F0999,4,172,181,9.91,14.818416287964952,14.425976098472733,-0.3924401894922198,-2.6483274721533316,4.908416287964952,4.515976098472732,-0.3924401894922198,True
F0999,5,181,209,9.91,14.425976098472733,17.35784947709111,2.931873378618379,20.323570194524127,4.515976098472732,7.447849477091111,2.931873378618379,False
F0999,6,209,250,9.91,17.35784947709111,18.599520211206777,1.2416707341156652,7.153367332482184,7.447849477091111,8.689520211206776,1.2416707341156652,False
F0999,7,250,255,9.91,18.599520211206777,15.755285189958869,-2.8442350212479077,-15.291980593855156,8.689520211206776,5.845285189958869,-2.8442350212479077,True
F0463,1,7,34,9.83,11.45723588368217,10.908426671249362,-0.5488092124328077,-4.79006645236695,1.6272358836821699,1.0784266712493622,-0.5488092124328077,True
F0463,2,34,39,9.83,10.908426671249362,7.281398770861558,-3.6270279003878043,-33.249780281764444,1.0784266712493622,2.548601229138442,1.47017455788908,False
F0463,3,39,46,9.83,7.281398770861558,10.3844014633446,3.1030026924830425,42.61547526967659,2.548601229138442,0.5544014633446004,-1.9941997657938417,True
F0463,4,46,128,9.83,10.3844014633446,11.725263088281508,1.3408616249369079,12.912266823176576,0.5544014633446004,1.8952630882815082,1.3408616249369079,False
F0463,5,128,176,9.83,11.725263088281508,15.628820373549244,3.903557285267736,33.29185243757165,1.8952630882815082,5.798820373549244,3.903557285267736,False
F0463,6,176,227,9.83,15.628820373549244,16.379143699485653,0.7503233259364084,4.800895448298078,5.798820373549244,6.5491436994856524,0.7503233259364084,False
F0463,7,227,232,9.83,16.379143699485653,16.200278009812198,-0.1788656896734544,-1.0920332158699557,6.5491436994856524,6.370278009812198,-0.1788656896734544,True
F0463,8,232,298,9.83,16.200278009812198,17.08783517528601,0.8875571654738117,5.4786539152984615,6.370278009812198,7.25783517528601,0.8875571654738117,False
F0463,9,298,299,9.83,17.08783517528601,17.233142074771052,0.1453068994850426,0.8503528855147124,7.25783517528601,7.403142074771052,0.1453068994850426,False
F0067,1,82,113,9.79,11.004313409367214,12.408101195280029,1.4037877859128152,12.756704881904465,1.2143134093672145,2.6181011952800297,1.4037877859128152,False
F0067,2,113,160,9.79,12.408101195280029,13.44663360382126,1.038532408541231,8.369793187504651,2.6181011952800297,3.656633603821261,1.038532408541231,False
F0067,3,160,238,9.79,13.44663360382126,18.345368225661407,4.898734621840147,36.43093703726728,3.656633603821261,8.555368225661407,4.898734621840147,False
F0352,1,30,45,9.95,9.94318932323503,8.858744954641441,-1.084444368593589,-10.906403703482571,0.006810676764969159,1.091255045358558,1.084444368593589,False
F0352,2,45,80,9.95,8.858744954641441,12.06474170880381,3.205996754162369,36.190191393676166,1.091255045358558,2.1147417088038107,1.0234866634452526,False
F0352,3,80,105,9.95,12.06474170880381,11.090596615887288,-0.9741450929165225,-8.074313702096708,2.1147417088038107,1.1405966158872882,-0.9741450929165225,True
F0352,4,105,137,9.95,11.090596615887288,10.68728975393888,-0.40330686194840837,-3.636475799423369,1.1405966158872882,0.7372897539388799,-0.40330686194840837,True
F0352,5,137,159,9.95,10.68728975393888,14.85830897716869,4.171019223229811,39.02784821280392,0.7372897539388799,4.908308977168691,4.171019223229811,False
F0352,6,159,173,9.95,14.85830897716869,15.63287811608209,0.7745691389133995,5.213036962036556,4.908308977168691,5.68287811608209,0.7745691389133995,False
F0352,7,173,195,9.95,15.63287811608209,13.70108835537074,-1.9317897607113501,-12.357223963283193,5.68287811608209,3.75108835537074,-1.9317897607113501,True
F0352,8,195,217,9.95,13.70108835537074,18.52045907042354,4.819370715052802,35.17509405129585,3.75108835537074,8.570459070423542,4.819370715052802,False
F0352,9,217,246,9.95,18.52045907042354,18.72586758769223,0.2054085172686868,1.1090897719523394,8.570459070423542,8.775867587692229,0.2054085172686868,False
F0352,10,246,257,9.95,18.72586758769223,16.98001258924274,-1.745854998449488,-9.323226228497788,8.775867587692229,7.030012589242741,-1.745854998449488,True
F0352,11,257,260,9.95,16.98001258924274,16.82967406404047,-0.15033852520226887,-0.8853852399232734,7.030012589242741,6.879674064040472,-0.15033852520226887,True
F0352,12,260,273,9.95,16.82967406404047,18.59737689628741,1.7677028322469397,10.503488216827352,6.879674064040472,8.647376896287412,1.7677028322469397,False
F0657,1,118,120,12.01,11.774328293866708,12.199608929389033,0.4252806355223253,3.611931185440579,0.23567170613329225,0.18960892938903307,-0.04606277674425918,True
F0657,2,120,209,12.01,12.199608929389033,17.160584250979092,4.960975321590059,40.665035660602186,0.18960892938903307,5.150584250979092,4.960975321590059,False
F0657,3,209,270,12.01,17.160584250979092,17.078087780919667,-0.08249647005942506,-0.48073229240268006,5.150584250979092,5.068087780919667,-0.08249647005942506,True
F0319,1,38,66,10.1,10.000362637389276,11.007312543975287,1.0069499065860104,10.06913392141635,0.0996373626107232,0.9073125439752872,0.807675181364564,False
F0319,2,66,81,10.1,11.007312543975287,13.226232814557992,2.2189202705827054,20.15860149076264,0.9073125439752872,3.1262328145579925,2.2189202705827054,False
F0319,3,81,94,10.1,13.226232814557992,11.728107031502269,-1.4981257830557233,-11.326927357627865,3.1262328145579925,1.6281070315022692,-1.4981257830557233,True
F0319,4,94,103,10.1,11.728107031502269,10.98261387513794,-0.7454931563643292,-6.356466174480657,1.6281070315022692,0.88261387513794,-0.7454931563643292,True
F0319,5,103,106,10.1,10.98261387513794,11.444421296257415,0.4618074211194756,4.2048953588808144,0.88261387513794,1.3444212962574156,0.4618074211194756,False
F0319,6,106,118,10.1,11.444421296257415,11.033855728468208,-0.4105655677892077,-3.5874733825420417,1.3444212962574156,0.9338557284682079,-0.4105655677892077,True
F0319,7,118,153,10.1,11.033855728468208,14.641229885467109,3.607374156998901,32.69368610368535,0.9338557284682079,4.541229885467109,3.607374156998901,False
F0319,8,153,203,10.1,14.641229885467109,14.65543382833898,0.014203942871871433,0.09701331775392909,4.541229885467109,4.55543382833898,0.014203942871871433,False
F0514,1,5,42,11.43,10.05634135020759,8.41888400185558,-1.6374573483520098,-16.282833799373847,1.373658649792409,3.011115998144419,1.6374573483520098,False
F0514,2,42,58,11.43,8.41888400185558,11.496379666861221,3.0774956650056406,36.55467475650382,3.011115998144419,0.06637966686122176,-2.944736331283197,True
F0514,3,58,189,11.43,11.496379666861221,16.226279993124198,4.729900326262976,41.14252019613709,0.06637966686122176,4.796279993124198,4.729900326262976,False
F0514,4,189,211,11.43,16.226279993124198,15.293341131653985,-0.9329388614702125,-5.749554807790451,4.796279993124198,3.8633411316539856,-0.9329388614702125,True
F0514,5,211,221,11.43,15.293341131653985,15.168394735823961,-0.12494639583002431,-0.8169986842928109,3.8633411316539856,3.7383947358239613,-0.12494639583002431,True
F0514,6,221,222,11.43,15.168394735823961,16.635265674350816,1.4668709385268546,9.670574665771795,3.7383947358239613,5.205265674350816,1.4668709385268546,False
F0514,7,222,223,11.43,16.635265674350816,17.247690994954624,0.6124253206038084,3.681488066331757,5.205265674350816,5.817690994954624,0.6124253206038084,False
F0514,8,223,241,11.43,17.247690994954624,15.382955794048614,-1.8647352009060096,-10.8115063138103,5.817690994954624,3.9529557940486146,-1.8647352009060096,True
F0514,9,241,297,11.43,15.382955794048614,14.949752236346916,-0.4332035577016988,-2.816126910208618,3.9529557940486146,3.519752236346916,-0.4332035577016988,True
F0585,1,52,86,12.4,12.292850503103876,12.208941505110595,-0.08390899799328189,-0.6825837341151698,0.10714949689612396,0.19105849488940585,0.08390899799328189,False
F0585,2,86,105,12.4,12.208941505110595,9.766642893137494,-2.4422986119731007,-20.00417981321942,0.19105849488940585,2.6333571068625066,2.4422986119731007,False
F0585,3,105,146,12.4,9.766642893137494,15.386270583445585,5.619627690308091,57.53899012993203,2.6333571068625066,2.9862705834455845,0.3529134765830779,False
F0585,4,146,198,12.4,15.386270583445585,16.746722478207705,1.3604518947621198,8.841986025033636,2.9862705834455845,4.346722478207704,1.3604518947621198,False
F0585,5,198,208,12.4,16.746722478207705,15.893449900701286,-0.8532725775064183,-5.095161627099099,4.346722478207704,3.493449900701286,-0.8532725775064183,True
F0585,6,208,214,12.4,15.893449900701286,14.404532994173287,-1.488916906527999,-9.368116524923273,3.493449900701286,2.004532994173287,-1.488916906527999,True
F0585,7,214,225,12.4,14.404532994173287,16.7714803017518,2.3669473075785135,16.43196144252616,2.004532994173287,4.3714803017518005,2.3669473075785135,False
F0585,8,225,229,12.4,16.7714803017518,16.869167565037078,0.09768726328527677,0.5824605910014587,4.3714803017518005,4.469167565037077,0.09768726328527677,False
F0585,9,229,243,12.4,16.869167565037078,17.460451353462293,0.5912837884252156,3.505115389633726,4.469167565037077,5.060451353462293,0.5912837884252156,False
F0585,10,243,246,12.4,17.460451353462293,15.494756571909019,-1.9656947815532746,-11.25798378152172,5.060451353462293,3.094756571909018,-1.9656947815532746,True
F0661,1,16,26,6.63,5.699818299915486,10.92172790875279,5.221909608837303,91.61536972002654,0.9301817000845141,4.291727908752789,3.3615462086682752,False
F0661,2,26,44,6.63,10.92172790875279,9.731754762117749,-1.1899731466350403,-10.895465960852066,4.291727908752789,3.101754762117749,-1.1899731466350403,True
F0661,3,44,76,6.63,9.731754762117749,11.690575823279186,1.9588210611614372,20.128138337254747,3.101754762117749,5.060575823279186,1.9588210611614372,False
F0661,4,76,93,6.63,11.690575823279186,14.12197484336155,2.431399020082363,20.797940638995488,5.060575823279186,7.491974843361549,2.431399020082363,False
F0661,5,93,131,6.63,14.12197484336155,14.448958754896422,0.3269839115348727,2.3154262428712733,7.491974843361549,7.818958754896422,0.3269839115348727,False
F0661,6,131,133,6.63,14.448958754896422,11.263557807702671,-3.1854009471937506,-22.045885805538003,7.818958754896422,4.633557807702672,-3.1854009471937506,True
F0661,7,133,170,6.63,11.263557807702671,14.922077427403142,3.6585196197004706,32.481030258472714,4.633557807702672,8.292077427403143,3.6585196197004715,False
F0661,8,170,198,6.63,14.922077427403142,15.550653495968099,0.6285760685649571,4.212389807136571,8.292077427403143,8.9206534959681,0.6285760685649571,False
F0661,9,198,242,6.63,15.550653495968099,17.26522776980533,1.7145742738372292,11.025737756177103,8.9206534959681,10.63522776980533,1.7145742738372292,False
F0495,1,20,30,11.76,12.35558549313626,10.599212343753862,-1.756373149382398,-14.215215866201511,0.5955854931362605,1.1607876562461374,0.5652021631098769,False
F0495,2,30,52,11.76,10.599212343753862,10.109029401220868,-0.49018294253299466,-4.624711031682089,1.1607876562461374,1.650970598779132,0.49018294253299466,False
F0495,3,52,69,11.76,10.109029401220868,9.046343001313298,-1.0626863999075695,-10.512249571449745,1.650970598779132,2.7136569986867016,1.0626863999075695,False
F0495,4,69,129,11.76,9.046343001313298,13.84231825853383,4.795975257220531,53.015624728404376,2.7136569986867016,2.08231825853383,-0.6313387401528718,True
F0495,5,129,205,11.76,13.84231825853383,13.973908300848056,0.131590042314226,0.9506358678980694,2.08231825853383,2.213908300848056,0.131590042314226,False
F0495,6,205,223,11.76,13.973908300848056,14.65944234585774,0.6855340450096836,4.905814681552473,2.213908300848056,2.8994423458577394,0.6855340450096836,False
F0495,7,223,249,11.76,14.65944234585774,16.91569361250544,2.2562512666477,15.391112522675462,2.8994423458577394,5.15569361250544,2.2562512666477,False
F0495,8,249,294,11.76,16.91569361250544,18.400170168442646,1.4844765559372064,8.775735656738085,5.15569361250544,6.640170168442646,1.4844765559372064,False
F0821,1,17,26,7.93,7.5599624082802785,9.193024048328752,1.6330616400484734,21.601451857218404,0.37003759171972117,1.2630240483287523,0.8929864566090311,False
F0821,2,26,27,7.93,9.193024048328752,9.242880568738947,0.04985652041019506,0.5423299248222758,1.2630240483287523,1.3128805687389473,0.04985652041019506,False
F0821,3,27,47,7.93,9.242880568738947,9.398740187262277,0.15585961852332986,1.686266714842931,1.3128805687389473,1.4687401872622772,0.15585961852332986,False
F0821,4,47,47,7.93,9.398740187262277,11.55700136330315,2.158261176040874,22.963302879314355,1.4687401872622772,3.627001363303151,2.158261176040874,False
F0821,5,47,57,7.93,11.55700136330315,8.103063527498103,-3.453937835805048,-29.886107366676512,3.627001363303151,0.17306352749810294,-3.453937835805048,True
F0821,6,57,95,7.93,8.103063527498103,10.631654224152484,2.5285906966543816,31.205366810632768,0.17306352749810294,2.7016542241524846,2.5285906966543816,False
F0821,7,95,127,7.93,10.631654224152484,13.888942780045673,3.2572885558931883,30.637645724909255,2.7016542241524846,5.958942780045673,3.2572885558931883,False
F0821,8,127,232,7.93,13.888942780045673,16.19523618174089,2.306293401695216,16.605248061131633,5.958942780045673,8.265236181740889,2.306293401695216,False
F0821,9,232,290,7.93,16.19523618174089,17.829971066747362,1.6347348850064733,10.093924328498119,8.265236181740889,9.899971066747362,1.6347348850064733,False
F0960,1,55,76,10.92,11.416404032788694,12.256025008998728,0.8396209762100337,7.3545135035391604,0.4964040327886945,1.3360250089987282,0.8396209762100337,False
F0960,2,76,125,10.92,12.256025008998728,12.710056142825525,0.4540311338267973,3.704554563926187,1.3360250089987282,1.7900561428255255,0.4540311338267973,False
F0960,3,125,189,10.92,12.710056142825525,15.887895786181566,3.177839643356041,25.00256181126189,1.7900561428255255,4.9678957861815665,3.177839643356041,False
F0960,4,189,221,10.92,15.887895786181566,16.89559090120715,1.0076951150255837,6.342533514740338,4.9678957861815665,5.97559090120715,1.0076951150255837,False
F0960,5,221,282,10.92,16.89559090120715,19.39616998232375,2.5005790811166015,14.800187195216363,5.97559090120715,8.476169982323752,2.5005790811166015,False
F0960,6,282,294,10.92,19.39616998232375,17.33838755407786,-2.0577824282458934,-10.609220429194039,8.476169982323752,6.418387554077858,-2.0577824282458934,True
F0987,1,37,87,11.94,11.577292021665107,12.047009944258084,0.4697179225929773,4.05723481548166,0.36270797833489254,0.10700994425808474,-0.2556980340768078,True
F0987,2,87,89,11.94,12.047009944258084,12.615640267041773,0.5686303227836884,4.720095072675791,0.10700994425808474,0.6756402670417732,0.5686303227836884,False
F0987,3,89,176,11.94,12.615640267041773,13.891397139511865,1.275756872470092,10.112501985356966,0.6756402670417732,1.9513971395118652,1.275756872470092,False
F0987,4,176,267,11.94,13.891397139511865,18.743652823147208,4.852255683635343,34.92993278432646,1.9513971395118652,6.803652823147209,4.852255683635343,False
F0216,1,16,53,8.64,7.8401029411470144,12.218397824471182,4.378294883324168,55.84486474464095,0.7998970588529861,3.578397824471182,2.7785007656181957,False
F0216,2,53,72,8.64,12.218397824471182,10.761907584723163,-1.4564902397480193,-11.920468302570242,3.578397824471182,2.1219075847231625,-1.4564902397480193,True
F0216,3,72,88,8.64,10.761907584723163,12.985254441622523,2.2233468568993597,20.659412277944707,2.1219075847231625,4.345254441622522,2.2233468568993597,False
F0216,4,88,118,8.64,12.985254441622523,13.789709219101987,0.8044547774794637,6.195140658167543,4.345254441622522,5.149709219101986,0.8044547774794637,False
F0216,5,118,257,8.64,13.789709219101987,17.53319906982912,3.7434898507271335,27.146981790896074,5.149709219101986,8.89319906982912,3.7434898507271335,False
F0216,6,257,289,8.64,17.53319906982912,19.31371468881143,1.7805156189823101,10.155109811341823,8.89319906982912,10.67371468881143,1.7805156189823101,False
F0216,7,289,290,8.64,19.31371468881143,16.871203337598214,-2.4425113512132164,-12.64651254596911,10.67371468881143,8.231203337598213,-2.4425113512132164,True
F0169,1,4,95,8.38,8.476171258169902,14.018732201831622,5.542560943661719,65.38991220026881,0.09617125816990146,5.638732201831621,5.542560943661719,False
F0169,2,95,157,8.38,14.018732201831622,15.302061092949614,1.2833288911179928,9.154386235798977,5.638732201831621,6.922061092949614,1.2833288911179928,False
F0169,3,157,232,8.38,15.302061092949614,17.39287877992203,2.0908176869724144,13.663634423311466,6.922061092949614,9.012878779922028,2.0908176869724144,False
F0169,4,232,234,8.38,17.39287877992203,17.833896217941888,0.44101743801985904,2.535620719262186,9.012878779922028,9.453896217941887,0.44101743801985904,False
F0087,1,4,38,9.0,10.385613660955817,8.387361579983276,-1.9982520809725415,-19.240577843607525,1.3856136609558174,0.6126384200167241,-0.7729752409390933,True
F0087,2,38,79,9.0,8.387361579983276,12.720957500980578,4.333595920997302,51.66816620067479,0.6126384200167241,3.720957500980578,3.108319080963854,False
F0087,3,79,103,9.0,12.720957500980578,13.970635165255192,1.2496776642746141,9.823770452643084,3.720957500980578,4.970635165255192,1.2496776642746141,False
F0087,4,103,154,9.0,13.970635165255192,13.185887053541228,-0.7847481117139647,-5.617125509551808,4.970635165255192,4.185887053541228,-0.7847481117139647,True
F0087,5,154,165,9.0,13.185887053541228,12.000918386260967,-1.1849686672802608,-8.986643541452324,4.185887053541228,3.0009183862609667,-1.1849686672802608,True
F0087,6,165,189,9.0,12.000918386260967,15.720920184237341,3.7200017979763746,30.997642665707577,3.0009183862609667,6.720920184237341,3.7200017979763746,False
F0087,7,189,190,9.0,15.720920184237341,14.28916150555894,-1.431758678678401,-9.107346528697224,6.720920184237341,5.2891615055589405,-1.431758678678401,True
F0087,8,190,287,9.0,14.28916150555894,18.23076469426294,3.9416031887040006,27.58456601649153,5.2891615055589405,9.230764694262941,3.9416031887040006,False
F0362,1,31,43,9.29,9.654231993830116,9.858498220790349,0.20426622696023244,2.115820575792835,0.36423199383011706,0.5684982207903495,0.20426622696023244,False
F0362,2,43,62,9.29,9.858498220790349,10.281155056383984,0.4226568355936351,4.287233472358947,0.5684982207903495,0.9911550563839846,0.4226568355936351,False
F0362,3,62,81,9.29,10.281155056383984,11.990101311796174,1.7089462554121901,16.622123156785158,0.9911550563839846,2.7001013117961747,1.7089462554121901,False
F0362,4,81,86,9.29,11.990101311796174,12.782561921078686,0.7924606092825126,6.60929035272512,2.7001013117961747,3.4925619210786873,0.7924606092825126,False
F0362,5,86,91,9.29,12.782561921078686,10.015476322448322,-2.7670855986303646,-21.647347501343905,3.4925619210786873,0.7254763224483227,-2.7670855986303646,True
F0362,6,91,102,9.29,10.015476322448322,12.9727440094643,2.957267687015978,29.526979963875178,0.7254763224483227,3.682744009464301,2.957267687015978,False
F0362,7,102,141,9.29,12.9727440094643,14.470184192809235,1.497440183344935,11.54297180498184,3.682744009464301,5.180184192809236,1.497440183344935,False
F0362,8,141,147,9.29,14.470184192809235,12.78650122447264,-1.6836829683365941,-11.635532387855008,5.180184192809236,3.4965012244726417,-1.6836829683365941,True
F0362,9,147,152,9.29,12.78650122447264,15.935112334237845,3.148611109765204,24.624493084464262,3.4965012244726417,6.6451123342378455,3.148611109765204,False
F0362,10,152,257,9.29,15.935112334237845,15.829040038021374,-0.10607229621647107,-0.6656513866461198,6.6451123342378455,6.5390400380213745,-0.10607229621647107,True
F0939,1,25,25,9.91,9.510261968314836,9.51389190754486,0.0036299392300236377,0.038168656574523806,0.399738031685164,0.39610809245514034,-0.0036299392300236377,True
F0939,2,25,32,9.91,9.51389190754486,9.708725967573352,0.19483406002849257,2.047890200160695,0.39610809245514034,0.20127403242664776,-0.19483406002849257,True
F0939,3,32,139,9.91,9.708725967573352,12.437226300651709,2.7285003330783564,28.10358786715587,0.20127403242664776,2.5272263006517086,2.325952268225061,False
F0939,4,139,226,9.91,12.437226300651709,17.493691174740537,5.056464874088828,40.655888635104034,2.5272263006517086,7.583691174740537,5.056464874088828,False
F0939,5,226,229,9.91,17.493691174740537,15.839613662629029,-1.6540775121115079,-9.455280166943046,7.583691174740537,5.929613662629029,-1.6540775121115079,True
F0939,6,229,250,9.91,15.839613662629029,18.201470377882966,2.3618567152539374,14.911075267109267,5.929613662629029,8.291470377882966,2.3618567152539374,False
F0939,7,250,268,9.91,18.201470377882966,17.785013232191726,-0.4164571456912398,-2.288041224390787,8.291470377882966,7.875013232191726,-0.4164571456912398,True
F0939,8,268,279,9.91,17.785013232191726,20.17046998861332,2.3854567564215934,13.41273534789281,7.875013232191726,10.26046998861332,2.3854567564215934,False
F0939,9,279,288,9.91,20.17046998861332,14.86334796280101,-5.30712202581231,-26.311345391596223,10.26046998861332,4.9533479628010095,-5.30712202581231,True
F0939,10,288,291,9.91,14.86334796280101,18.356688636186895,3.4933406733858856,23.50305383503625,4.9533479628010095,8.446688636186895,3.4933406733858856,False
F0108,1,15,88,10.83,11.120468945688906,10.047634859899231,-1.0728340857896743,-9.647381697923647,0.2904689456889056,0.7823651401007687,0.49189619441186316,False
F0108,2,88,93,10.83,10.047634859899231,9.706893619230875,-0.34074124066835587,-3.39125819577975,0.7823651401007687,1.1231063807691246,0.34074124066835587,False
F0108,3,93,116,10.83,9.706893619230875,12.81008306279718,3.103189443566304,31.968923996636782,1.1231063807691246,1.9800830627971795,0.8569766820280549,False
F0108,4,116,225,10.83,12.81008306279718,17.6690429433766,4.85895988057942,37.930744529602045,1.9800830627971795,6.839042943376599,4.85895988057942,False
F0108,5,225,259,10.83,17.6690429433766,15.104915432518032,-2.564127510858567,-14.51197735539917,6.839042943376599,4.274915432518032,-2.564127510858567,True
F0663,1,51,163,10.6,10.931470147327968,12.086885617258634,1.1554154699306665,10.569625625452495,0.331470147327968,1.4868856172586344,1.1554154699306665,False
F0663,2,163,168,10.6,12.086885617258634,13.709906439396615,1.6230208221379812,13.427948882220747,1.4868856172586344,3.1099064393966156,1.6230208221379812,False
F0663,3,168,169,10.6,13.709906439396615,15.087093581155901,1.3771871417592862,10.045197229076768,3.1099064393966156,4.487093581155902,1.3771871417592862,False
F0663,4,169,192,10.6,15.087093581155901,14.559223283956843,-0.5278702971990583,-3.4988203285116453,4.487093581155902,3.9592232839568435,-0.5278702971990583,True
F0663,5,192,289,10.6,14.559223283956843,16.5710464935888,2.011823209631956,13.818204243414772,3.9592232839568435,5.9710464935887995,2.011823209631956,False
F0299,1,82,114,12.6,12.82378726237692,14.658204459796588,1.8344171974196684,14.304800601313584,0.22378726237691993,2.0582044597965883,1.8344171974196684,False
F0299,2,114,135,12.6,14.658204459796588,15.373565797374468,0.71536133757788,4.880279433541255,2.0582044597965883,2.7735657973744683,0.71536133757788,False
F0299,3,135,172,12.6,15.373565797374468,14.56794240365596,-0.8056233937185073,-5.24031577538175,2.7735657973744683,1.967942403655961,-0.8056233937185073,True
F0299,4,172,245,12.6,14.56794240365596,13.628722996952511,-0.9392194067034492,-6.447165843185537,1.967942403655961,1.0287229969525118,-0.9392194067034492,True
F0750,1,28,81,9.99,10.406944506532232,13.537282855891448,3.1303383493592154,30.079322008437387,0.41694450653223214,3.5472828558914475,3.1303383493592154,False
F0750,2,81,110,9.99,13.537282855891448,12.842319327653808,-0.6949635282376398,-5.133700282661898,3.5472828558914475,2.8523193276538077,-0.6949635282376398,True
F0750,3,110,115,9.99,12.842319327653808,12.752407706731999,-0.08991162092180893,-0.7001198041244711,2.8523193276538077,2.7624077067319988,-0.08991162092180893,True
F0750,4,115,120,9.99,12.752407706731999,14.684163314759978,1.931755608027979,15.148163801320475,2.7624077067319988,4.694163314759978,1.931755608027979,False
F0750,5,120,149,9.99,14.684163314759978,14.06307464872809,-0.6210886660318877,-4.22964967576731,4.694163314759978,4.07307464872809,-0.6210886660318877,True
F0750,6,149,196,9.99,14.06307464872809,15.933574727110674,1.8705000783825838,13.300790368425996,4.07307464872809,5.943574727110674,1.8705000783825838,False
F0750,7,196,199,9.99,15.933574727110674,11.542631940107904,-4.3909427870027695,-27.557800821253654,5.943574727110674,1.5526319401079043,-4.3909427870027695,True
F0750,8,199,289,9.99,11.542631940107904,19.563865625805875,8.02123368569797,69.49224169425422,1.5526319401079043,9.573865625805874,8.02123368569797,False
F0680,1,74,98,10.14,11.206068995916162,12.664190878110512,1.4581218821943498,13.011894561114467,1.0660689959161616,2.5241908781105113,1.4581218821943498,False
F0680,2,98,114,10.14,12.664190878110512,13.286098325673414,0.6219074475629025,4.910755480145531,2.5241908781105113,3.146098325673414,0.6219074475629025,False
F0680,3,114,219,10.14,13.286098325673414,15.983978503852676,2.697880178179261,20.30603802597191,3.146098325673414,5.843978503852675,2.697880178179261,False
F0680,4,219,257,10.14,15.983978503852676,17.20253097111921,1.2185524672665338,7.623586749524355,5.843978503852675,7.062530971119209,1.2185524672665338,False
F0680,5,257,288,10.14,17.20253097111921,16.407241414135786,-0.7952895569834233,-4.623096207869703,7.062530971119209,6.2672414141357855,-0.7952895569834233,True
F0430,1,115,142,14.13,13.469750481022029,13.337062215467313,-0.1326882655547159,-0.9850833223797629,0.660249518977972,0.7929377845326879,0.1326882655547159,False
F0430,2,142,179,14.13,13.337062215467313,14.825693978912877,1.4886317634455644,11.16161669935949,0.7929377845326879,0.6956939789128764,-0.0972438056198115,True
F0430,3,179,219,14.13,14.825693978912877,14.169115015134484,-0.6565789637783936,-4.4286558505272655,0.6956939789128764,0.03911501513448279,-0.6565789637783936,True
F0430,4,219,229,14.13,14.169115015134484,13.18911890968975,-0.9799961054447337,-6.916424239608252,0.03911501513448279,0.9408810903102509,0.9017660751757681,False
F0430,5,229,273,14.13,13.18911890968975,16.47805024332201,3.2889313336322594,24.93670241471517,0.9408810903102509,2.3480502433220085,1.4071691530117576,False
F0430,6,273,287,14.13,16.47805024332201,17.83807499160132,1.3600247482793115,8.253553837963826,2.3480502433220085,3.70807499160132,1.3600247482793115,False
F0430,7,287,293,14.13,17.83807499160132,19.82143207030639,1.983357078705069,11.11867216411463,3.70807499160132,5.691432070306389,1.983357078705069,False
F0487,1,26,29,9.89,10.327434239812511,10.94615796912738,0.6187237293148691,5.991069175049056,0.43743423981251084,1.05615796912738,0.6187237293148691,False
F0487,2,29,54,9.89,10.94615796912738,8.157887609577418,-2.788270359549962,-25.4725938307671,1.05615796912738,1.7321123904225821,0.6759544212952022,False
F0487,3,54,65,9.89,8.157887609577418,10.57882154000308,2.4209339304256616,29.67599023530881,1.7321123904225821,0.6888215400030795,-1.0432908504195026,True
F0487,4,65,130,9.89,10.57882154000308,11.96942689803174,1.39060535802866,13.145182124210928,0.6888215400030795,2.0794268980317394,1.39060535802866,False
F0487,5,130,141,9.89,11.96942689803174,12.043256417668529,0.07382951963678863,0.6168174989976271,2.0794268980317394,2.153256417668528,0.07382951963678863,False
F0487,6,141,153,9.89,12.043256417668529,15.000870328406016,2.9576139107374875,24.55825740285995,2.153256417668528,5.1108703284060155,2.9576139107374875,False
F0487,7,153,170,9.89,15.000870328406016,16.34165561103771,1.3407852826316926,8.938049948293658,5.1108703284060155,6.451655611037708,1.3407852826316926,False
F0487,8,170,210,9.89,16.34165561103771,15.792667605429159,-0.5489880056085497,-3.3594393290098745,6.451655611037708,5.9026676054291585,-0.5489880056085497,True
F0487,9,210,276,9.89,15.792667605429159,16.48442811791427,0.6917605124851107,4.38026386528454,5.9026676054291585,6.594428117914269,0.6917605124851107,False
F0846,1,74,86,11.22,10.608481732659532,9.121982986951704,-1.486498745707829,-14.012360893561777,0.6115182673404682,2.098017013048297,1.486498745707829,False
F0846,2,86,100,11.22,9.121982986951704,13.848875451694449,4.726892464742745,51.81869415349932,2.098017013048297,2.628875451694448,0.5308584386461508,False
F0846,3,100,110,11.22,13.848875451694449,11.658064912564901,-2.190810539129547,-15.819411090605884,2.628875451694448,0.43806491256490077,-2.190810539129547,True
F0846,4,110,192,11.22,11.658064912564901,14.791820513840413,3.133755601275512,26.88058116658789,0.43806491256490077,3.5718205138404127,3.133755601275512,False
F0846,5,192,244,11.22,14.791820513840413,16.17496536939987,1.3831448555594577,9.350741203662364,3.5718205138404127,4.95496536939987,1.3831448555594577,False
F0846,6,244,262,11.22,16.17496536939987,16.70236469410707,0.5273993247072006,3.2605901321120934,4.95496536939987,5.482364694107071,0.5273993247072006,False
F0762,1,39,44,8.91,10.42729414762426,11.183163024995714,0.755868877371455,7.248945571787396,1.5172941476242592,2.273163024995714,0.755868877371455,False
F0762,2,44,71,8.91,11.183163024995714,10.235787670892652,-0.9473753541030625,-8.47144365136737,2.273163024995714,1.3257876708926517,-0.9473753541030625,True
F0762,3,71,103,8.91,10.235787670892652,13.255580149300043,3.019792478407391,29.50229699463899,1.3257876708926517,4.3455801493000425,3.019792478407391,False
F0762,4,103,110,8.91,13.255580149300043,11.652701951707472,-1.6028781975925703,-12.09210143606736,4.3455801493000425,2.742701951707472,-1.6028781975925703,True
F0762,5,110,119,8.91,11.652701951707472,14.554602842882836,2.901900891175364,24.90324478564517,2.742701951707472,5.644602842882836,2.901900891175364,False
F0762,6,119,151,8.91,14.554602842882836,13.525566916016867,-1.0290359268659692,-7.070175242666722,5.644602842882836,4.615566916016867,-1.0290359268659692,True
F0762,7,151,189,8.91,13.525566916016867,16.59287462715258,3.0673077111357117,22.677849514044624,4.615566916016867,7.682874627152579,3.0673077111357117,False
F0762,8,189,259,8.91,16.59287462715258,16.87299449056435,0.28011986341176964,1.688193695825204,7.682874627152579,7.962994490564348,0.28011986341176964,False
F0262,1,30,42,11.16,10.220715641600405,10.984572282455137,0.7638566408547316,7.473612099584091,0.9392843583995951,0.17542771754486353,-0.7638566408547316,True
F0262,2,42,55,11.16,10.984572282455137,9.989036051365769,-0.9955362310893676,-9.06304046703271,0.17542771754486353,1.1709639486342311,0.9955362310893676,False
F0262,3,55,131,11.16,9.989036051365769,13.59481782521568,3.6057817738499107,36.09739473667135,1.1709639486342311,2.4348178252156796,1.2638538765814484,False
F0262,4,131,170,11.16,13.59481782521568,13.873631449918188,0.2788136247025079,2.0508816542238923,2.4348178252156796,2.7136314499181875,0.2788136247025079,False
F0262,5,170,199,11.16,13.873631449918188,15.124225955467054,1.2505945055488663,9.01418284076042,2.7136314499181875,3.964225955467054,1.2505945055488663,False
F0262,6,199,204,11.16,15.124225955467054,15.03406470771744,-0.09016124774961476,-0.5961379313896297,3.964225955467054,3.874064707717439,-0.09016124774961476,True
F0262,7,204,250,11.16,15.03406470771744,16.390334279829847,1.3562695721124083,9.021309928353535,3.874064707717439,5.230334279829847,1.3562695721124083,False
F0276,1,108,124,12.8,13.253185157169295,13.413528565196744,0.16034340802744929,1.2098480940690073,0.453185157169294,0.6135285651967433,0.16034340802744929,False
F0276,2,124,142,12.8,13.413528565196744,15.055123697959857,1.641595132763113,12.238354171939953,0.6135285651967433,2.2551236979598563,1.641595132763113,False
F0276,3,142,168,12.8,15.055123697959857,15.714668928662904,0.6595452307030474,4.380868891780832,2.2551236979598563,2.9146689286629037,0.6595452307030474,False
F0276,4,168,176,12.8,15.714668928662904,14.736398529273288,-0.9782703993896167,-6.225205276869002,2.9146689286629037,1.936398529273287,-0.9782703993896167,True
F0276,5,176,180,12.8,14.736398529273288,15.386254996090532,0.6498564668172442,4.40987304683929,1.936398529273287,2.586254996090531,0.6498564668172442,False
F0276,6,180,232,12.8,15.386254996090532,18.41736356464532,3.0311085685547887,19.700106161798033,2.586254996090531,5.61736356464532,3.0311085685547887,False
F0276,7,232,246,12.8,18.41736356464532,15.260710397961018,-3.1566531666843023,-17.139549619055874,5.61736356464532,2.4607103979610176,-3.1566531666843023,True
F0276,8,246,272,12.8,15.260710397961018,18.12985811999874,2.869147722037722,18.800879167598044,2.4607103979610176,5.32985811999874,2.869147722037722,False
F0276,9,272,290,12.8,18.12985811999874,19.30538284146474,1.175524721466001,6.483915724466146,5.32985811999874,6.5053828414647406,1.175524721466001,False
F0295,1,4,9,7.38,8.819384462666669,8.464733885138028,-0.35465057752864126,-4.021262243753092,1.439384462666669,1.0847338851380277,-0.35465057752864126,True
F0295,2,9,10,7.38,8.464733885138028,9.032671765292886,0.567937880154858,6.709459362355337,1.0847338851380277,1.6526717652928857,0.567937880154858,False
F0295,3,10,40,7.38,9.032671765292886,10.368736516779578,1.336064751486692,14.791467975404393,1.6526717652928857,2.9887365167795776,1.336064751486692,False
F0295,4,40,57,7.38,10.368736516779578,11.034438481325246,0.6657019645456685,6.420280460096296,2.9887365167795776,3.654438481325246,0.6657019645456685,False
F0295,5,57,113,7.38,11.034438481325246,14.865201691558072,3.830763210232826,34.71643089692361,3.654438481325246,7.485201691558072,3.830763210232826,False
F0295,6,113,125,7.38,14.865201691558072,13.971206394426721,-0.893995297131351,-6.014013907655553,7.485201691558072,6.591206394426721,-0.893995297131351,True
F0295,7,125,180,7.38,13.971206394426721,15.532592497353894,1.5613861029271732,11.175742873214073,6.591206394426721,8.152592497353893,1.5613861029271723,False
F0295,8,180,273,7.38,15.532592497353894,17.264974338768774,1.7323818414148793,11.15320473198537,8.152592497353893,9.884974338768775,1.732381841414881,False
F0614,1,30,34,7.64,8.710004509839589,8.38432397232443,-0.3256805375151597,-3.7391546370296624,1.0700045098395892,0.7443239723244295,-0.3256805375151597,True
F0614,2,34,68,7.64,8.38432397232443,10.92502102704681,2.540697054722381,30.302944675192585,0.7443239723244295,3.2850210270468105,2.540697054722381,False
F0614,3,68,87,7.64,10.92502102704681,11.1908367804475,0.2658157534006893,2.433091458063245,3.2850210270468105,3.5508367804475,0.2658157534006893,False
F0614,4,87,122,7.64,11.1908367804475,13.948905925493827,2.7580691450463277,24.64578117934125,3.5508367804475,6.308905925493828,2.7580691450463277,False
F0614,5,122,237,7.64,13.948905925493827,14.810517468290914,0.8616115427970872,6.176911274613704,6.308905925493828,7.170517468290915,0.8616115427970872,False
F0614,6,237,239,7.64,14.810517468290914,15.387073127541209,0.5765556592502943,3.8928799110813714,7.170517468290915,7.747073127541209,0.5765556592502943,False
F0614,7,239,270,7.64,15.387073127541209,19.292021060845247,3.9049479333040384,25.378107330331723,7.747073127541209,11.652021060845247,3.9049479333040376,False
F0614,8,270,279,7.64,19.292021060845247,17.622487795610564,-1.6695332652346835,-8.654009136570659,11.652021060845247,9.982487795610563,-1.6695332652346835,True
F0949,1,7,25,9.12,9.29857097066301,8.587652086773547,-0.7109188838894624,-7.645463868936544,0.1785709706630101,0.5323479132264524,0.3537769425634423,False
F0949,2,25,61,9.12,8.587652086773547,11.416761115540735,2.8291090287671885,32.943917617767724,0.5323479132264524,2.296761115540736,1.7644132023142838,False
F0949,3,61,120,9.12,11.416761115540735,12.319159572725063,0.9023984571843275,7.904154672694025,2.296761115540736,3.1991595727250637,0.9023984571843275,False
F0949,4,120,132,9.12,12.319159572725063,11.584196151227472,-0.7349634214975911,-5.966019168424598,3.1991595727250637,2.4641961512274726,-0.7349634214975911,True
F0949,5,132,140,9.12,11.584196151227472,13.968283983283783,2.384087832056311,20.58052022715181,2.4641961512274726,4.848283983283784,2.384087832056311,False
F0949,6,140,190,9.12,13.968283983283783,14.256256257587095,0.2879722743033124,2.0616152610294614,4.848283983283784,5.136256257587096,0.2879722743033124,False
F0949,7,190,230,9.12,14.256256257587095,14.562782488434575,0.30652623084747965,2.1501172910268656,5.136256257587096,5.442782488434576,0.30652623084747965,False
F0949,8,230,261,9.12,14.562782488434575,17.292949091248122,2.730166602813547,18.747561497823526,5.442782488434576,8.172949091248123,2.730166602813547,False
F0949,9,261,267,9.12,17.292949091248122,17.261786445977158,-0.031162645270963907,-0.18020434285980275,8.172949091248123,8.141786445977159,-0.031162645270963907,True
F0949,10,267,298,9.12,17.261786445977158,17.60659133765201,0.3448048916748512,1.9975040981648085,8.141786445977159,8.48659133765201,0.3448048916748512,False
F0850,1,28,40,11.11,10.79593967383863,8.40526245475376,-2.3906772190848695,-22.14422543392033,0.3140603261613695,2.704737545246239,2.3906772190848695,False
F0850,2,40,94,11.11,8.40526245475376,12.39104569524101,3.9857832404872493,47.42009261391965,2.704737545246239,1.2810456952410103,-1.4236918500052287,True
F0850,3,94,195,11.11,12.39104569524101,15.664647144724771,3.2736014494837615,26.419089477985246,1.2810456952410103,4.554647144724772,3.2736014494837615,False
F0850,4,195,228,11.11,15.664647144724771,16.981783604188543,1.3171364594637716,8.408337878886284,4.554647144724772,5.871783604188543,1.3171364594637716,False
F0850,5,228,240,11.11,16.981783604188543,15.989589404047386,-0.9921942001411566,-5.842697229379561,5.871783604188543,4.879589404047387,-0.9921942001411566,True
F0255,1,19,50,11.97,11.835345824344623,12.049264710712153,0.2139188863675301,1.8074578431625656,0.13465417565537763,0.07926471071215246,-0.055389464943225164,True
F0255,2,50,65,11.97,12.049264710712153,10.589543551818736,-1.4597211588934176,-12.11460777017939,0.07926471071215246,1.3804564481812651,1.3011917374691127,False
F0255,3,65,118,11.97,10.589543551818736,13.127115749640268,2.5375721978215324,23.96299883374774,1.3804564481812651,1.1571157496402673,-0.2233406985409978,True
F0255,4,118,147,11.97,13.127115749640268,11.670966865492316,-1.456148884147952,-11.092679549107014,1.1571157496402673,0.29903313450768465,-0.8580826151325827,True
F0255,5,147,166,11.97,11.670966865492316,15.35931611503309,3.6883492495407744,31.602773720883054,0.29903313450768465,3.3893161150330897,3.090282980525405,False
F0255,6,166,233,11.97,15.35931611503309,16.61270145119425,1.2533853361611609,8.160424115071093,3.3893161150330897,4.642701451194251,1.2533853361611609,False
F0255,7,233,242,11.97,16.61270145119425,14.874277722585667,-1.7384237286085842,-10.464425269519381,4.642701451194251,2.9042777225856664,-1.7384237286085842,True
F0255,8,242,273,11.97,14.874277722585667,16.737614130455622,1.863336407869955,12.52723959188011,2.9042777225856664,4.767614130455621,1.863336407869955,False
F0255,9,273,289,11.97,16.737614130455622,16.8940789309388,0.15646480048317812,0.9348094612748664,4.767614130455621,4.9240789309388,0.15646480048317812,False
F0290,1,78,130,10.55,10.65161248786108,13.871225868081874,3.2196133802207942,30.226535032981804,0.1016124878610789,3.321225868081873,3.2196133802207942,False
F0290,2,130,283,10.55,13.871225868081874,18.472294377684147,4.601068509602273,33.16987664507343,3.321225868081873,7.922294377684146,4.601068509602273,False
F0290,3,283,299,10.55,18.472294377684147,18.201660257239652,-0.27063412044449464,-1.4650812449775596,7.922294377684146,7.6516602572396515,-0.27063412044449464,True
F0943,1,14,34,9.58,10.266857229564517,12.102023113678696,1.8351658841141791,17.874660600418423,0.6868572295645166,2.5220231136786957,1.8351658841141791,False
F0943,2,34,255,9.58,12.102023113678696,15.696502049866705,3.5944789361880094,29.701471418652602,2.5220231136786957,6.116502049866705,3.5944789361880094,False
F0605,1,36,44,11.92,12.498298560933128,7.271206964853422,-5.227091596079705,-41.82242543331793,0.5782985609331277,4.648793035146578,4.07049447421345,False
F0605,2,44,50,11.92,7.271206964853422,9.131998213975269,1.8607912491218466,25.59122932569913,4.648793035146578,2.788001786024731,-1.8607912491218466,True
F0605,3,50,89,11.92,9.131998213975269,11.222188106385467,2.090189892410198,22.88863667550273,2.788001786024731,0.6978118936145332,-2.090189892410198,True
F0605,4,89,100,11.92,11.222188106385467,10.039864292987481,-1.1823238133979856,-10.535590761709287,0.6978118936145332,1.8801357070125189,1.1823238133979856,False
F0605,5,100,171,11.92,10.039864292987481,16.208040508967372,6.168176215979891,61.436848506888296,1.8801357070125189,4.288040508967372,2.407904801954853,False
F0605,6,171,182,11.92,16.208040508967372,15.989391422998592,-0.21864908596877974,-1.3490161617489076,4.288040508967372,4.069391422998592,-0.21864908596877974,True
F0605,7,182,275,11.92,15.989391422998592,18.11456152339634,2.1251701003977477,13.291125623086417,4.069391422998592,6.19456152339634,2.1251701003977477,False
F0605,8,275,298,11.92,18.11456152339634,18.31445628022965,0.19989475683330937,1.103503148972886,6.19456152339634,6.394456280229649,0.19989475683330937,False
F0055,1,131,194,14.48,13.339487499240294,12.351147417641876,-0.9883400815984178,-7.409130835459049,1.1405125007597068,2.1288525823581246,0.9883400815984178,False
F0055,2,194,215,14.48,12.351147417641876,13.462298767963933,1.1111513503220571,8.996341090827997,2.1288525823581246,1.0177012320360674,-1.1111513503220571,True
F0055,3,215,223,14.48,13.462298767963933,14.27244071214381,0.8101419441798772,6.017857411601665,1.0177012320360674,0.20755928785619027,-0.8101419441798772,True
F0055,4,223,272,14.48,14.27244071214381,18.48639852580535,4.213957813661539,29.52513798201356,0.20755928785619027,4.0063985258053485,3.7988392379491582,False
